PartialNodeId,SubIndex,NodeValueServerTime,NodeValueSourceTime,NodeValue,NodeValueQuality,NodeValueType
2,-1,1.31757E+17,1.31757E+17,892.5,1,11
2,-1,1.31757E+17,1.31757E+17,894.5,1,11
2,-1,1.31757E+17,1.31757E+17,895.2,1,11
2,-1,1.31757E+17,1.31757E+17,882.6,1,11
2,-1,1.31757E+17,1.31757E+17,887.1,1,11
2,-1,1.31757E+17,1.31757E+17,900.5,1,11
2,-1,1.31757E+17,1.31757E+17,877.8,1,11
2,-1,1.31757E+17,1.31757E+17,898,1,11
2,-1,1.31757E+17,1.31757E+17,813.8,1,11
2,-1,1.31757E+17,1.31757E+17,863.1,1,11
2,-1,1.31757E+17,1.31757E+17,846.6,1,11
2,-1,1.31757E+17,1.31757E+17,824.3,1,11
2,-1,1.31757E+17,1.31757E+17,829.5,1,11
2,-1,1.31757E+17,1.31757E+17,816.1,1,11
2,-1,1.31757E+17,1.31757E+17,807.2,1,11
2,-1,1.31757E+17,1.31757E+17,828.8,1,11
2,-1,1.31757E+17,1.31757E+17,856.3,1,11
2,-1,1.31757E+17,1.31757E+17,853.8,1,11
2,-1,1.31757E+17,1.31757E+17,805.4,1,11
2,-1,1.31757E+17,1.31757E+17,845.4,1,11
2,-1,1.31757E+17,1.31757E+17,849.5,1,11
2,-1,1.31757E+17,1.31757E+17,828.9,1,11
2,-1,1.31757E+17,1.31757E+17,839.6,1,11
2,-1,1.31757E+17,1.31757E+17,820.2,1,11
2,-1,1.31757E+17,1.31757E+17,872.5,1,11
2,-1,1.31757E+17,1.31757E+17,817.3,1,11
2,-1,1.31757E+17,1.31757E+17,858.3,1,11
2,-1,1.31757E+17,1.31757E+17,861.5,1,11
2,-1,1.31757E+17,1.31757E+17,886.4,1,11
2,-1,1.31757E+17,1.31757E+17,880.3,1,11
2,-1,1.31757E+17,1.31757E+17,814.1,1,11
2,-1,1.31757E+17,1.31757E+17,810.3,1,11
2,-1,1.31757E+17,1.31757E+17,807.1,1,11
2,-1,1.31757E+17,1.31757E+17,804.9,1,11
2,-1,1.31757E+17,1.31757E+17,808.9,1,11
2,-1,1.31757E+17,1.31757E+17,807.4,1,11
2,-1,1.31757E+17,1.31757E+17,798.6,1,11
2,-1,1.31757E+17,1.31757E+17,787.9,1,11
2,-1,1.31757E+17,1.31757E+17,796,1,11
2,-1,1.31757E+17,1.31757E+17,796.8,1,11
2,-1,1.31757E+17,1.31757E+17,795.7,1,11
2,-1,1.31757E+17,1.31757E+17,799.8,1,11
2,-1,1.31757E+17,1.31757E+17,806.2,1,11
2,-1,1.31757E+17,1.31757E+17,797.6,1,11
2,-1,1.31757E+17,1.31757E+17,802.5,1,11
2,-1,1.31757E+17,1.31757E+17,803.7,1,11
2,-1,1.31757E+17,1.31757E+17,792.5,1,11
2,-1,1.31757E+17,1.31757E+17,788.4,1,11
2,-1,1.31757E+17,1.31757E+17,790.5,1,11
2,-1,1.31757E+17,1.31757E+17,795.6,1,11
2,-1,1.31757E+17,1.31757E+17,791.2,1,11
2,-1,1.31757E+17,1.31757E+17,777.3,1,11
2,-1,1.31757E+17,1.31757E+17,807.4,1,11
2,-1,1.31757E+17,1.31757E+17,803.3,1,11
2,-1,1.31757E+17,1.31757E+17,823.2,1,11
2,-1,1.31757E+17,1.31757E+17,802.2,1,11
2,-1,1.31757E+17,1.31757E+17,811.6,1,11
2,-1,1.31757E+17,1.31757E+17,804.8,1,11
2,-1,1.31757E+17,1.31757E+17,789.7,1,11
2,-1,1.31757E+17,1.31757E+17,781.6,1,11
2,-1,1.31757E+17,1.31757E+17,805,1,11
2,-1,1.31757E+17,1.31757E+17,864.8,1,11
2,-1,1.31757E+17,1.31757E+17,867.6,1,11
2,-1,1.31757E+17,1.31757E+17,876.5,1,11
2,-1,1.31757E+17,1.31757E+17,873,1,11
2,-1,1.31757E+17,1.31757E+17,801.8,1,11
2,-1,1.31757E+17,1.31757E+17,793.1,1,11
2,-1,1.31757E+17,1.31757E+17,774.8,1,11
2,-1,1.31757E+17,1.31757E+17,777,1,11
2,-1,1.31757E+17,1.31757E+17,812.6,1,11
2,-1,1.31757E+17,1.31757E+17,826.4,1,11
2,-1,1.31757E+17,1.31757E+17,819.5,1,11
2,-1,1.31757E+17,1.31757E+17,875.8,1,11
2,-1,1.31757E+17,1.31757E+17,879,1,11
2,-1,1.31757E+17,1.31757E+17,888.3,1,11
2,-1,1.31757E+17,1.31757E+17,878.9,1,11
2,-1,1.31757E+17,1.31757E+17,819.4,1,11
2,-1,1.31757E+17,1.31757E+17,806.9,1,11
2,-1,1.31757E+17,1.31757E+17,797,1,11
2,-1,1.31757E+17,1.31757E+17,783.4,1,11
2,-1,1.31757E+17,1.31757E+17,765.5,1,11
2,-1,1.31757E+17,1.31757E+17,773,1,11
2,-1,1.31757E+17,1.31757E+17,774.4,1,11
2,-1,1.31757E+17,1.31757E+17,809.8,1,11
2,-1,1.31757E+17,1.31757E+17,821.4,1,11
2,-1,1.31757E+17,1.31757E+17,801.8,1,11
2,-1,1.31757E+17,1.31757E+17,814.3,1,11
2,-1,1.31757E+17,1.31757E+17,807.1,1,11
2,-1,1.31757E+17,1.31757E+17,820.6,1,11
2,-1,1.31757E+17,1.31757E+17,811,1,11
2,-1,1.31757E+17,1.31757E+17,803.8,1,11
2,-1,1.31757E+17,1.31757E+17,817.6,1,11
2,-1,1.31757E+17,1.31757E+17,808.1,1,11
2,-1,1.31757E+17,1.31757E+17,811.6,1,11
2,-1,1.31757E+17,1.31757E+17,800.6,1,11
2,-1,1.31757E+17,1.31757E+17,807.3,1,11
2,-1,1.31757E+17,1.31757E+17,803.3,1,11
2,-1,1.31757E+17,1.31757E+17,883.7,1,11
2,-1,1.31757E+17,1.31757E+17,886.4,1,11
2,-1,1.31757E+17,1.31757E+17,873.3,1,11
2,-1,1.31757E+17,1.31757E+17,808.7,1,11
2,-1,1.31757E+17,1.31757E+17,806.5,1,11
2,-1,1.31757E+17,1.31757E+17,803.6,1,11
2,-1,1.31757E+17,1.31757E+17,811.3,1,11
2,-1,1.31757E+17,1.31757E+17,799.9,1,11
2,-1,1.31757E+17,1.31757E+17,795,1,11
2,-1,1.31757E+17,1.31757E+17,798.1,1,11
2,-1,1.31757E+17,1.31757E+17,804.1,1,11
2,-1,1.31757E+17,1.31757E+17,839.9,1,11
2,-1,1.31757E+17,1.31757E+17,889.5,1,11
2,-1,1.31757E+17,1.31757E+17,812.3,1,11
2,-1,1.31757E+17,1.31757E+17,860.5,1,11
2,-1,1.31757E+17,1.31757E+17,862.7,1,11
2,-1,1.31757E+17,1.31757E+17,871.4,1,11
2,-1,1.31757E+17,1.31757E+17,874.7,1,11
2,-1,1.31757E+17,1.31757E+17,857.8,1,11
2,-1,1.31757E+17,1.31757E+17,871.8,1,11
2,-1,1.31757E+17,1.31757E+17,875.3,1,11
2,-1,1.31757E+17,1.31757E+17,874.6,1,11
2,-1,1.31757E+17,1.31757E+17,866.6,1,11
2,-1,1.31757E+17,1.31757E+17,857,1,11
2,-1,1.31757E+17,1.31757E+17,836.8,1,11
2,-1,1.31757E+17,1.31757E+17,852.5,1,11
2,-1,1.31757E+17,1.31757E+17,825.5,1,11
2,-1,1.31757E+17,1.31757E+17,819.1,1,11
2,-1,1.31757E+17,1.31757E+17,830.3,1,11
2,-1,1.31757E+17,1.31757E+17,798.4,1,11
2,-1,1.31757E+17,1.31757E+17,814.3,1,11
2,-1,1.31757E+17,1.31757E+17,801.5,1,11
2,-1,1.31757E+17,1.31757E+17,810,1,11
2,-1,1.31757E+17,1.31757E+17,796.8,1,11
2,-1,1.31757E+17,1.31757E+17,803.9,1,11
2,-1,1.31757E+17,1.31757E+17,802,1,11
2,-1,1.31757E+17,1.31757E+17,809.7,1,11
2,-1,1.31757E+17,1.31757E+17,819.7,1,11
2,-1,1.31757E+17,1.31757E+17,815,1,11
2,-1,1.31757E+17,1.31757E+17,809.2,1,11
2,-1,1.31757E+17,1.31757E+17,816.3,1,11
2,-1,1.31757E+17,1.31757E+17,805.1,1,11
2,-1,1.31757E+17,1.31757E+17,808.8,1,11
2,-1,1.31757E+17,1.31757E+17,802.1,1,11
2,-1,1.31757E+17,1.31757E+17,797.9,1,11
2,-1,1.31757E+17,1.31757E+17,790.3,1,11
2,-1,1.31757E+17,1.31757E+17,783.6,1,11
2,-1,1.31757E+17,1.31757E+17,783.8,1,11
2,-1,1.31757E+17,1.31757E+17,795.3,1,11
2,-1,1.31757E+17,1.31757E+17,776.6,1,11
2,-1,1.31757E+17,1.31757E+17,796,1,11
2,-1,1.31757E+17,1.31757E+17,786.1,1,11
2,-1,1.31757E+17,1.31757E+17,804.5,1,11
2,-1,1.31757E+17,1.31757E+17,804.3,1,11
2,-1,1.31757E+17,1.31757E+17,809.6,1,11
2,-1,1.31757E+17,1.31757E+17,880.2,1,11
2,-1,1.31757E+17,1.31757E+17,858.9,1,11
2,-1,1.31757E+17,1.31757E+17,849.5,1,11
2,-1,1.31757E+17,1.31757E+17,810.4,1,11
2,-1,1.31757E+17,1.31757E+17,807.1,1,11
2,-1,1.31757E+17,1.31757E+17,799.2,1,11
2,-1,1.31757E+17,1.31757E+17,787.4,1,11
2,-1,1.31757E+17,1.31757E+17,798.9,1,11
2,-1,1.31757E+17,1.31757E+17,819.9,1,11
2,-1,1.31757E+17,1.31757E+17,847.8,1,11
2,-1,1.31757E+17,1.31757E+17,843.5,1,11
2,-1,1.31757E+17,1.31757E+17,881,1,11
2,-1,1.31757E+17,1.31757E+17,885.2,1,11
2,-1,1.31757E+17,1.31757E+17,859.3,1,11
2,-1,1.31757E+17,1.31757E+17,773.4,1,11
2,-1,1.31757E+17,1.31757E+17,817.6,1,11
2,-1,1.31757E+17,1.31757E+17,862.5,1,11
2,-1,1.31757E+17,1.31757E+17,857.6,1,11
2,-1,1.31757E+17,1.31757E+17,824,1,11
2,-1,1.31757E+17,1.31757E+17,807.6,1,11
2,-1,1.31757E+17,1.31757E+17,792.4,1,11
2,-1,1.31757E+17,1.31757E+17,776.6,1,11
2,-1,1.31757E+17,1.31757E+17,761.9,1,11
2,-1,1.31757E+17,1.31757E+17,775.9,1,11
2,-1,1.31757E+17,1.31757E+17,774.2,1,11
2,-1,1.31757E+17,1.31757E+17,775,1,11
2,-1,1.31757E+17,1.31757E+17,808,1,11
2,-1,1.31757E+17,1.31757E+17,799.5,1,11
2,-1,1.31757E+17,1.31757E+17,835.2,1,11
2,-1,1.31757E+17,1.31757E+17,863.5,1,11
2,-1,1.31757E+17,1.31757E+17,845.7,1,11
2,-1,1.31757E+17,1.31757E+17,834.8,1,11
2,-1,1.31757E+17,1.31757E+17,836.6,1,11
2,-1,1.31757E+17,1.31757E+17,837.4,1,11
2,-1,1.31757E+17,1.31757E+17,871,1,11
2,-1,1.31757E+17,1.31757E+17,825.1,1,11
2,-1,1.31757E+17,1.31757E+17,802.7,1,11
2,-1,1.31757E+17,1.31757E+17,802.5,1,11
2,-1,1.31757E+17,1.31757E+17,813.8,1,11
2,-1,1.31757E+17,1.31757E+17,811,1,11
2,-1,1.31757E+17,1.31757E+17,810.5,1,11
2,-1,1.31757E+17,1.31757E+17,807.7,1,11
2,-1,1.31757E+17,1.31757E+17,808.5,1,11
2,-1,1.31757E+17,1.31757E+17,798.7,1,11
2,-1,1.31757E+17,1.31757E+17,812,1,11
2,-1,1.31757E+17,1.31757E+17,808.4,1,11
2,-1,1.31757E+17,1.31757E+17,805.6,1,11
2,-1,1.31757E+17,1.31757E+17,794.2,1,11
2,-1,1.31757E+17,1.31757E+17,806.2,1,11
2,-1,1.31757E+17,1.31757E+17,818.5,1,11
2,-1,1.31757E+17,1.31757E+17,803.9,1,11
2,-1,1.31757E+17,1.31757E+17,805.8,1,11
2,-1,1.31757E+17,1.31757E+17,890.1,1,11
2,-1,1.31757E+17,1.31757E+17,887.5,1,11
2,-1,1.31757E+17,1.31757E+17,853.1,1,11
2,-1,1.31757E+17,1.31757E+17,882,1,11
2,-1,1.31757E+17,1.31757E+17,868,1,11
2,-1,1.31757E+17,1.31757E+17,870.8,1,11
2,-1,1.31757E+17,1.31757E+17,869.1,1,11
2,-1,1.31757E+17,1.31757E+17,864.8,1,11
2,-1,1.31757E+17,1.31757E+17,881.8,1,11
2,-1,1.31757E+17,1.31757E+17,830.4,1,11
2,-1,1.31757E+17,1.31757E+17,804.8,1,11
2,-1,1.31757E+17,1.31757E+17,829.9,1,11
2,-1,1.31757E+17,1.31757E+17,880.8,1,11
2,-1,1.31757E+17,1.31757E+17,886,1,11
2,-1,1.31757E+17,1.31757E+17,890.5,1,11
2,-1,1.31757E+17,1.31757E+17,860.9,1,11
2,-1,1.31757E+17,1.31757E+17,863.4,1,11
2,-1,1.31757E+17,1.31757E+17,837.1,1,11
2,-1,1.31757E+17,1.31757E+17,856.9,1,11
2,-1,1.31757E+17,1.31757E+17,881.6,1,11
2,-1,1.31757E+17,1.31757E+17,875.9,1,11
2,-1,1.31757E+17,1.31757E+17,834.2,1,11
2,-1,1.31757E+17,1.31757E+17,817.3,1,11
2,-1,1.31757E+17,1.31757E+17,813.5,1,11
2,-1,1.31757E+17,1.31757E+17,812.9,1,11
2,-1,1.31757E+17,1.31757E+17,807.4,1,11
2,-1,1.31757E+17,1.31757E+17,803.7,1,11
2,-1,1.31757E+17,1.31757E+17,811.8,1,11
2,-1,1.31757E+17,1.31757E+17,806.5,1,11
2,-1,1.31757E+17,1.31757E+17,803.9,1,11
2,-1,1.31757E+17,1.31757E+17,773.1,1,11
2,-1,1.31757E+17,1.31757E+17,777.1,1,11
2,-1,1.31757E+17,1.31757E+17,803.8,1,11
2,-1,1.31757E+17,1.31757E+17,769.6,1,11
2,-1,1.31757E+17,1.31757E+17,778.5,1,11
2,-1,1.31757E+17,1.31757E+17,808.3,1,11
2,-1,1.31757E+17,1.31757E+17,813.3,1,11
2,-1,1.31757E+17,1.31757E+17,796.1,1,11
2,-1,1.31757E+17,1.31757E+17,810.8,1,11
2,-1,1.31757E+17,1.31757E+17,811.3,1,11
2,-1,1.31757E+17,1.31757E+17,809.7,1,11
2,-1,1.31757E+17,1.31757E+17,799.7,1,11
2,-1,1.31757E+17,1.31757E+17,790.2,1,11
2,-1,1.31757E+17,1.31757E+17,803.7,1,11
2,-1,1.31757E+17,1.31757E+17,787.3,1,11
2,-1,1.31757E+17,1.31757E+17,791.8,1,11
2,-1,1.31757E+17,1.31757E+17,813.5,1,11
2,-1,1.31757E+17,1.31757E+17,815.5,1,11
2,-1,1.31757E+17,1.31757E+17,823.9,1,11
2,-1,1.31757E+17,1.31757E+17,820.9,1,11
2,-1,1.31757E+17,1.31757E+17,821.8,1,11
2,-1,1.31757E+17,1.31757E+17,885.7,1,11
2,-1,1.31757E+17,1.31757E+17,884.9,1,11
2,-1,1.31757E+17,1.31757E+17,881.7,1,11
2,-1,1.31757E+17,1.31757E+17,885.7,1,11
2,-1,1.31757E+17,1.31757E+17,858.7,1,11
2,-1,1.31757E+17,1.31757E+17,804.1,1,11
2,-1,1.31757E+17,1.31757E+17,789,1,11
2,-1,1.31757E+17,1.31757E+17,877.1,1,11
2,-1,1.31757E+17,1.31757E+17,871.2,1,11
2,-1,1.31757E+17,1.31757E+17,861.2,1,11
2,-1,1.31757E+17,1.31757E+17,844.1,1,11
2,-1,1.31757E+17,1.31757E+17,807,1,11
2,-1,1.31757E+17,1.31757E+17,822,1,11
2,-1,1.31757E+17,1.31757E+17,778.2,1,11
2,-1,1.31757E+17,1.31757E+17,777.7,1,11
2,-1,1.31757E+17,1.31757E+17,799,1,11
2,-1,1.31757E+17,1.31757E+17,807.8,1,11
2,-1,1.31757E+17,1.31757E+17,799.4,1,11
2,-1,1.31757E+17,1.31757E+17,803.4,1,11
2,-1,1.31757E+17,1.31757E+17,805.2,1,11
2,-1,1.31757E+17,1.31757E+17,807.1,1,11
2,-1,1.31757E+17,1.31757E+17,787.1,1,11
2,-1,1.31757E+17,1.31757E+17,781.7,1,11
2,-1,1.31757E+17,1.31757E+17,805,1,11
2,-1,1.31757E+17,1.31757E+17,801.5,1,11
2,-1,1.31757E+17,1.31757E+17,809.1,1,11
2,-1,1.31757E+17,1.31757E+17,859.7,1,11
2,-1,1.31757E+17,1.31757E+17,857.7,1,11
2,-1,1.31757E+17,1.31757E+17,841.7,1,11
2,-1,1.31757E+17,1.31757E+17,828.3,1,11
2,-1,1.31757E+17,1.31757E+17,822.3,1,11
2,-1,1.31757E+17,1.31757E+17,815.9,1,11
2,-1,1.31757E+17,1.31757E+17,820.2,1,11
2,-1,1.31757E+17,1.31757E+17,841.7,1,11
2,-1,1.31757E+17,1.31757E+17,813.4,1,11
2,-1,1.31757E+17,1.31757E+17,812.4,1,11
2,-1,1.31757E+17,1.31757E+17,797.8,1,11
2,-1,1.31757E+17,1.31757E+17,790.3,1,11
2,-1,1.31757E+17,1.31757E+17,784,1,11
2,-1,1.31757E+17,1.31757E+17,776,1,11
2,-1,1.31757E+17,1.31757E+17,792.2,1,11
2,-1,1.31757E+17,1.31757E+17,808.7,1,11
2,-1,1.31757E+17,1.31757E+17,844.2,1,11
2,-1,1.31757E+17,1.31757E+17,808.5,1,11
2,-1,1.31757E+17,1.31757E+17,805.7,1,11
2,-1,1.31757E+17,1.31757E+17,793.6,1,11
2,-1,1.31757E+17,1.31757E+17,771.2,1,11
2,-1,1.31757E+17,1.31757E+17,775.6,1,11
2,-1,1.31757E+17,1.31757E+17,794.2,1,11
2,-1,1.31757E+17,1.31757E+17,769.3,1,11
2,-1,1.31757E+17,1.31757E+17,805.1,1,11
2,-1,1.31757E+17,1.31757E+17,895.1,1,11
2,-1,1.31757E+17,1.31757E+17,893.8,1,11
2,-1,1.31757E+17,1.31757E+17,890.9,1,11
2,-1,1.31757E+17,1.31757E+17,884.8,1,11
2,-1,1.31757E+17,1.31757E+17,884.2,1,11
2,-1,1.31757E+17,1.31757E+17,881.1,1,11
2,-1,1.31757E+17,1.31757E+17,887.4,1,11
2,-1,1.31757E+17,1.31757E+17,894.9,1,11
2,-1,1.31757E+17,1.31757E+17,807.3,1,11
2,-1,1.31757E+17,1.31757E+17,840.6,1,11
2,-1,1.31757E+17,1.31757E+17,813,1,11
2,-1,1.31757E+17,1.31757E+17,862.4,1,11
2,-1,1.31757E+17,1.31757E+17,848.1,1,11
2,-1,1.31757E+17,1.31757E+17,806.8,1,11
2,-1,1.31757E+17,1.31757E+17,846.1,1,11
2,-1,1.31757E+17,1.31757E+17,831.3,1,11
2,-1,1.31757E+17,1.31757E+17,836.9,1,11
2,-1,1.31757E+17,1.31757E+17,816.2,1,11
2,-1,1.31757E+17,1.31757E+17,822.2,1,11
2,-1,1.31757E+17,1.31757E+17,810.2,1,11
2,-1,1.31757E+17,1.31757E+17,810,1,11
2,-1,1.31757E+17,1.31757E+17,821.6,1,11
2,-1,1.31757E+17,1.31757E+17,815.8,1,11
2,-1,1.31757E+17,1.31757E+17,808,1,11
2,-1,1.31757E+17,1.31757E+17,798.7,1,11
2,-1,1.31757E+17,1.31757E+17,806.6,1,11
2,-1,1.31757E+17,1.31757E+17,798.5,1,11
2,-1,1.31757E+17,1.31757E+17,826.1,1,11
2,-1,1.31757E+17,1.31757E+17,806.3,1,11
2,-1,1.31757E+17,1.31757E+17,806.7,1,11
2,-1,1.31757E+17,1.31757E+17,808.8,1,11
2,-1,1.31757E+17,1.31757E+17,804.3,1,11
2,-1,1.31757E+17,1.31757E+17,788.2,1,11
2,-1,1.31757E+17,1.31757E+17,780.9,1,11
2,-1,1.31757E+17,1.31757E+17,881,1,11
2,-1,1.31757E+17,1.31757E+17,805.1,1,11
2,-1,1.31757E+17,1.31757E+17,795.8,1,11
2,-1,1.31757E+17,1.31757E+17,803.1,1,11
2,-1,1.31757E+17,1.31757E+17,795.7,1,11
2,-1,1.31757E+17,1.31757E+17,798.4,1,11
2,-1,1.31757E+17,1.31757E+17,801,1,11
2,-1,1.31757E+17,1.31757E+17,797,1,11
2,-1,1.31757E+17,1.31757E+17,792.4,1,11
2,-1,1.31757E+17,1.31757E+17,795,1,11
2,-1,1.31757E+17,1.31757E+17,881.8,1,11
2,-1,1.31757E+17,1.31757E+17,876.4,1,11
2,-1,1.31757E+17,1.31757E+17,872.7,1,11
2,-1,1.31757E+17,1.31757E+17,827,1,11
2,-1,1.31757E+17,1.31757E+17,824,1,11
2,-1,1.31757E+17,1.31757E+17,805,1,11
2,-1,1.31757E+17,1.31757E+17,805.8,1,11
2,-1,1.31757E+17,1.31757E+17,810.5,1,11
2,-1,1.31757E+17,1.31757E+17,814.3,1,11
2,-1,1.31757E+17,1.31757E+17,775.6,1,11
2,-1,1.31757E+17,1.31757E+17,771.6,1,11
2,-1,1.31757E+17,1.31757E+17,789,1,11
2,-1,1.31757E+17,1.31757E+17,796.8,1,11
2,-1,1.31757E+17,1.31757E+17,784.1,1,11
2,-1,1.31757E+17,1.31757E+17,793.6,1,11
2,-1,1.31757E+17,1.31757E+17,786.9,1,11
2,-1,1.31757E+17,1.31757E+17,795,1,11
2,-1,1.31757E+17,1.31757E+17,782.7,1,11
2,-1,1.31757E+17,1.31757E+17,786,1,11
2,-1,1.31757E+17,1.31757E+17,839,1,11
2,-1,1.31757E+17,1.31757E+17,823,1,11
2,-1,1.31757E+17,1.31757E+17,826.3,1,11
2,-1,1.31757E+17,1.31757E+17,810.1,1,11
2,-1,1.31757E+17,1.31757E+17,809.6,1,11
2,-1,1.31757E+17,1.31757E+17,806.5,1,11
2,-1,1.31757E+17,1.31757E+17,796.3,1,11
2,-1,1.31757E+17,1.31757E+17,767.7,1,11
2,-1,1.31757E+17,1.31757E+17,803.2,1,11
2,-1,1.31757E+17,1.31757E+17,790,1,11
2,-1,1.31757E+17,1.31757E+17,801.9,1,11
2,-1,1.31757E+17,1.31757E+17,829.5,1,11
2,-1,1.31757E+17,1.31757E+17,884.3,1,11
2,-1,1.31757E+17,1.31757E+17,816.9,1,11
2,-1,1.31757E+17,1.31757E+17,822.5,1,11
2,-1,1.31757E+17,1.31757E+17,812.1,1,11
2,-1,1.31757E+17,1.31757E+17,816.5,1,11
2,-1,1.31757E+17,1.31757E+17,818.3,1,11
2,-1,1.31757E+17,1.31757E+17,825.4,1,11
2,-1,1.31757E+17,1.31757E+17,885.1,1,11
2,-1,1.31757E+17,1.31757E+17,865.6,1,11
2,-1,1.31757E+17,1.31757E+17,864.8,1,11
2,-1,1.31757E+17,1.31757E+17,808.5,1,11
2,-1,1.31757E+17,1.31757E+17,807.7,1,11
2,-1,1.31757E+17,1.31757E+17,873.4,1,11
2,-1,1.31757E+17,1.31757E+17,829.4,1,11
2,-1,1.31757E+17,1.31757E+17,828.4,1,11
2,-1,1.31757E+17,1.31757E+17,819.8,1,11
2,-1,1.31757E+17,1.31757E+17,811.1,1,11
2,-1,1.31757E+17,1.31757E+17,822.8,1,11
2,-1,1.31757E+17,1.31757E+17,820.6,1,11
2,-1,1.31757E+17,1.31757E+17,802.8,1,11
2,-1,1.31757E+17,1.31757E+17,794.5,1,11
2,-1,1.31757E+17,1.31757E+17,800.5,1,11
2,-1,1.31757E+17,1.31757E+17,784.9,1,11
2,-1,1.31757E+17,1.31757E+17,771.7,1,11
2,-1,1.31757E+17,1.31757E+17,781.4,1,11
2,-1,1.31757E+17,1.31757E+17,779.7,1,11
2,-1,1.31757E+17,1.31757E+17,807.5,1,11
2,-1,1.31757E+17,1.31757E+17,856.7,1,11
2,-1,1.31757E+17,1.31757E+17,868.5,1,11
2,-1,1.31757E+17,1.31757E+17,843.5,1,11
2,-1,1.31757E+17,1.31757E+17,885.4,1,11
2,-1,1.31757E+17,1.31757E+17,878.1,1,11
2,-1,1.31757E+17,1.31757E+17,838.7,1,11
2,-1,1.31757E+17,1.31757E+17,834.5,1,11
2,-1,1.31757E+17,1.31757E+17,846.7,1,11
2,-1,1.31757E+17,1.31757E+17,807.4,1,11
2,-1,1.31757E+17,1.31757E+17,788.8,1,11
2,-1,1.31757E+17,1.31757E+17,791.1,1,11
2,-1,1.31757E+17,1.31757E+17,803.9,1,11
2,-1,1.31757E+17,1.31757E+17,788.8,1,11
2,-1,1.31757E+17,1.31757E+17,802.4,1,11
2,-1,1.31757E+17,1.31757E+17,797.6,1,11
2,-1,1.31757E+17,1.31757E+17,796.5,1,11
2,-1,1.31757E+17,1.31757E+17,822.6,1,11
2,-1,1.31757E+17,1.31757E+17,820.3,1,11
2,-1,1.31757E+17,1.31757E+17,821.7,1,11
2,-1,1.31757E+17,1.31757E+17,816.6,1,11
2,-1,1.31757E+17,1.31757E+17,852.3,1,11
2,-1,1.31757E+17,1.31757E+17,886.8,1,11
2,-1,1.31757E+17,1.31757E+17,874.6,1,11
2,-1,1.31757E+17,1.31757E+17,872.6,1,11
2,-1,1.31757E+17,1.31757E+17,825.4,1,11
2,-1,1.31757E+17,1.31757E+17,864.3,1,11
2,-1,1.31757E+17,1.31757E+17,793.3,1,11
2,-1,1.31757E+17,1.31757E+17,804.4,1,11
2,-1,1.31757E+17,1.31757E+17,869.9,1,11
2,-1,1.31757E+17,1.31757E+17,834.9,1,11
2,-1,1.31757E+17,1.31757E+17,805.1,1,11
2,-1,1.31757E+17,1.31757E+17,790.5,1,11
2,-1,1.31757E+17,1.31757E+17,806.4,1,11
2,-1,1.31757E+17,1.31757E+17,857.5,1,11
2,-1,1.31757E+17,1.31757E+17,876.2,1,11
2,-1,1.31757E+17,1.31757E+17,815.9,1,11
2,-1,1.31757E+17,1.31757E+17,823.5,1,11
2,-1,1.31757E+17,1.31757E+17,811.6,1,11
2,-1,1.31757E+17,1.31757E+17,829.5,1,11
2,-1,1.31757E+17,1.31757E+17,857.7,1,11
2,-1,1.31757E+17,1.31757E+17,825.6,1,11
2,-1,1.31757E+17,1.31757E+17,847.8,1,11
2,-1,1.31757E+17,1.31757E+17,793.2,1,11
2,-1,1.31757E+17,1.31757E+17,776.7,1,11
2,-1,1.31757E+17,1.31757E+17,809.2,1,11
2,-1,1.31757E+17,1.31757E+17,814.3,1,11
2,-1,1.31757E+17,1.31757E+17,817.9,1,11
2,-1,1.31757E+17,1.31757E+17,803.4,1,11
2,-1,1.31757E+17,1.31757E+17,797,1,11
2,-1,1.31757E+17,1.31757E+17,806.1,1,11
2,-1,1.31757E+17,1.31757E+17,799.6,1,11
2,-1,1.31757E+17,1.31757E+17,770.1,1,11
2,-1,1.31757E+17,1.31757E+17,799.8,1,11
2,-1,1.31757E+17,1.31757E+17,794.2,1,11
2,-1,1.31757E+17,1.31757E+17,808.1,1,11
2,-1,1.31757E+17,1.31757E+17,798,1,11
2,-1,1.31757E+17,1.31757E+17,797.8,1,11
2,-1,1.31757E+17,1.31757E+17,773.9,1,11
2,-1,1.31757E+17,1.31757E+17,766,1,11
2,-1,1.31757E+17,1.31757E+17,770.4,1,11
2,-1,1.31757E+17,1.31757E+17,795.3,1,11
2,-1,1.31757E+17,1.31757E+17,802.3,1,11
2,-1,1.31757E+17,1.31757E+17,797.8,1,11
2,-1,1.31757E+17,1.31757E+17,862.5,1,11
2,-1,1.31757E+17,1.31757E+17,889.7,1,11
2,-1,1.31757E+17,1.31757E+17,889.2,1,11
2,-1,1.31757E+17,1.31757E+17,881.4,1,11
2,-1,1.31757E+17,1.31757E+17,821.4,1,11
2,-1,1.31757E+17,1.31757E+17,805.5,1,11
2,-1,1.31757E+17,1.31757E+17,821.2,1,11
2,-1,1.31757E+17,1.31757E+17,836.8,1,11
2,-1,1.31757E+17,1.31757E+17,823.2,1,11
2,-1,1.31757E+17,1.31757E+17,808.4,1,11
2,-1,1.31757E+17,1.31757E+17,805.4,1,11
2,-1,1.31757E+17,1.31757E+17,813.2,1,11
2,-1,1.31757E+17,1.31757E+17,804.9,1,11
2,-1,1.31757E+17,1.31757E+17,800.5,1,11
2,-1,1.31757E+17,1.31757E+17,809.1,1,11
2,-1,1.31757E+17,1.31757E+17,803,1,11
2,-1,1.31757E+17,1.31757E+17,817.2,1,11
2,-1,1.31757E+17,1.31757E+17,828.8,1,11
2,-1,1.31757E+17,1.31757E+17,886.8,1,11
2,-1,1.31757E+17,1.31757E+17,887.5,1,11
2,-1,1.31757E+17,1.31757E+17,887.4,1,11
2,-1,1.31757E+17,1.31757E+17,884.5,1,11
2,-1,1.31757E+17,1.31757E+17,882.5,1,11
2,-1,1.31757E+17,1.31757E+17,881.2,1,11
2,-1,1.31757E+17,1.31757E+17,882.2,1,11
2,-1,1.31757E+17,1.31757E+17,877.8,1,11
2,-1,1.31757E+17,1.31757E+17,839.9,1,11
2,-1,1.31757E+17,1.31757E+17,793.4,1,11
2,-1,1.31757E+17,1.31757E+17,774.8,1,11
2,-1,1.31757E+17,1.31757E+17,796.4,1,11
2,-1,1.31757E+17,1.31757E+17,782.5,1,11
2,-1,1.31757E+17,1.31757E+17,779.4,1,11
2,-1,1.31757E+17,1.31757E+17,777.6,1,11
2,-1,1.31757E+17,1.31757E+17,764.1,1,11
2,-1,1.31757E+17,1.31757E+17,771.4,1,11
2,-1,1.31757E+17,1.31757E+17,790.8,1,11
2,-1,1.31757E+17,1.31757E+17,790.7,1,11
2,-1,1.31757E+17,1.31757E+17,796.1,1,11
2,-1,1.31757E+17,1.31757E+17,807.2,1,11
2,-1,1.31757E+17,1.31757E+17,812.1,1,11
2,-1,1.31757E+17,1.31757E+17,808.7,1,11
2,-1,1.31757E+17,1.31757E+17,802.4,1,11
2,-1,1.31757E+17,1.31757E+17,817.5,1,11
2,-1,1.31757E+17,1.31757E+17,832.7,1,11
2,-1,1.31757E+17,1.31757E+17,810.4,1,11
2,-1,1.31757E+17,1.31757E+17,824,1,11
2,-1,1.31757E+17,1.31757E+17,848.3,1,11
2,-1,1.31757E+17,1.31757E+17,805.8,1,11
2,-1,1.31757E+17,1.31757E+17,800.8,1,11
2,-1,1.31757E+17,1.31757E+17,797.3,1,11
2,-1,1.31757E+17,1.31757E+17,794,1,11
2,-1,1.31757E+17,1.31757E+17,801.4,1,11
2,-1,1.31757E+17,1.31757E+17,796.6,1,11
2,-1,1.31757E+17,1.31757E+17,799.5,1,11
2,-1,1.31757E+17,1.31757E+17,795.9,1,11
2,-1,1.31757E+17,1.31757E+17,790.2,1,11
2,-1,1.31757E+17,1.31757E+17,815.3,1,11
2,-1,1.31757E+17,1.31757E+17,857.5,1,11
2,-1,1.31757E+17,1.31757E+17,882.8,1,11
2,-1,1.31757E+17,1.31757E+17,874.9,1,11
2,-1,1.31757E+17,1.31757E+17,880.4,1,11
2,-1,1.31757E+17,1.31757E+17,885.7,1,11
2,-1,1.31757E+17,1.31757E+17,883.5,1,11
2,-1,1.31757E+17,1.31757E+17,886,1,11
2,-1,1.31757E+17,1.31757E+17,879.3,1,11
2,-1,1.31757E+17,1.31757E+17,866.6,1,11
2,-1,1.31757E+17,1.31757E+17,849.2,1,11
2,-1,1.31757E+17,1.31757E+17,847.7,1,11
2,-1,1.31757E+17,1.31757E+17,835,1,11
2,-1,1.31757E+17,1.31757E+17,820.1,1,11
2,-1,1.31757E+17,1.31757E+17,811.7,1,11
2,-1,1.31757E+17,1.31757E+17,817.8,1,11
2,-1,1.31757E+17,1.31757E+17,805.4,1,11
2,-1,1.31757E+17,1.31757E+17,822.9,1,11
2,-1,1.31757E+17,1.31757E+17,805.4,1,11
2,-1,1.31757E+17,1.31757E+17,804.8,1,11
2,-1,1.31757E+17,1.31757E+17,803.7,1,11
2,-1,1.31757E+17,1.31757E+17,805.1,1,11
2,-1,1.31757E+17,1.31757E+17,809.7,1,11
2,-1,1.31757E+17,1.31757E+17,794.6,1,11
2,-1,1.31757E+17,1.31757E+17,797.3,1,11
2,-1,1.31757E+17,1.31757E+17,806.4,1,11
2,-1,1.31757E+17,1.31757E+17,834,1,11
2,-1,1.31757E+17,1.31757E+17,808.2,1,11
2,-1,1.31757E+17,1.31757E+17,801.9,1,11
2,-1,1.31757E+17,1.31757E+17,800.1,1,11
2,-1,1.31757E+17,1.31757E+17,800.8,1,11
2,-1,1.31757E+17,1.31757E+17,789.1,1,11
2,-1,1.31757E+17,1.31757E+17,777.4,1,11
2,-1,1.31757E+17,1.31757E+17,800.6,1,11
2,-1,1.31757E+17,1.31757E+17,785,1,11
2,-1,1.31757E+17,1.31757E+17,786.2,1,11
2,-1,1.31757E+17,1.31757E+17,803.1,1,11
2,-1,1.31757E+17,1.31757E+17,801.8,1,11
2,-1,1.31757E+17,1.31757E+17,797.5,1,11
2,-1,1.31757E+17,1.31757E+17,870.2,1,11
2,-1,1.31757E+17,1.31757E+17,876.5,1,11
2,-1,1.31757E+17,1.31757E+17,865,1,11
2,-1,1.31757E+17,1.31757E+17,803,1,11
2,-1,1.31757E+17,1.31757E+17,771.9,1,11
2,-1,1.31757E+17,1.31757E+17,811.3,1,11
2,-1,1.31757E+17,1.31757E+17,808.8,1,11
2,-1,1.31757E+17,1.31757E+17,778.8,1,11
2,-1,1.31757E+17,1.31757E+17,806,1,11
2,-1,1.31757E+17,1.31757E+17,794.7,1,11
2,-1,1.31757E+17,1.31757E+17,800.2,1,11
2,-1,1.31757E+17,1.31757E+17,810.4,1,11
2,-1,1.31757E+17,1.31757E+17,774.1,1,11
2,-1,1.31757E+17,1.31757E+17,802.5,1,11
2,-1,1.31757E+17,1.31757E+17,786.5,1,11
2,-1,1.31757E+17,1.31757E+17,799.8,1,11
2,-1,1.31757E+17,1.31757E+17,806,1,11
2,-1,1.31757E+17,1.31757E+17,804.5,1,11
2,-1,1.31757E+17,1.31757E+17,805.2,1,11
2,-1,1.31757E+17,1.31757E+17,797.7,1,11
2,-1,1.31757E+17,1.31757E+17,769.7,1,11
2,-1,1.31757E+17,1.31757E+17,776.4,1,11
2,-1,1.31757E+17,1.31757E+17,808.2,1,11
2,-1,1.31757E+17,1.31757E+17,796.3,1,11
2,-1,1.31757E+17,1.31757E+17,861.6,1,11
2,-1,1.31757E+17,1.31757E+17,851,1,11
2,-1,1.31757E+17,1.31757E+17,866.8,1,11
2,-1,1.31757E+17,1.31757E+17,881,1,11
2,-1,1.31757E+17,1.31757E+17,878.8,1,11
2,-1,1.31757E+17,1.31757E+17,836.5,1,11
2,-1,1.31757E+17,1.31757E+17,806.6,1,11
2,-1,1.31757E+17,1.31757E+17,799.8,1,11
2,-1,1.31757E+17,1.31757E+17,790.1,1,11
2,-1,1.31757E+17,1.31757E+17,772.1,1,11
2,-1,1.31757E+17,1.31757E+17,787.2,1,11
2,-1,1.31757E+17,1.31757E+17,767.5,1,11
2,-1,1.31757E+17,1.31757E+17,784.3,1,11
2,-1,1.31757E+17,1.31757E+17,774.9,1,11
2,-1,1.31757E+17,1.31757E+17,769.2,1,11
2,-1,1.31757E+17,1.31757E+17,782.5,1,11
2,-1,1.31757E+17,1.31757E+17,859.9,1,11
2,-1,1.31757E+17,1.31757E+17,827.9,1,11
2,-1,1.31757E+17,1.31757E+17,838.6,1,11
2,-1,1.31757E+17,1.31757E+17,883.9,1,11
2,-1,1.31757E+17,1.31757E+17,899.9,1,11
2,-1,1.31757E+17,1.31757E+17,896.6,1,11
2,-1,1.31757E+17,1.31757E+17,890.1,1,11
2,-1,1.31757E+17,1.31757E+17,891.9,1,11
2,-1,1.31757E+17,1.31757E+17,891.1,1,11
2,-1,1.31757E+17,1.31757E+17,876.1,1,11
2,-1,1.31757E+17,1.31757E+17,873.9,1,11
2,-1,1.31757E+17,1.31757E+17,838,1,11
2,-1,1.31757E+17,1.31757E+17,823.6,1,11
2,-1,1.31757E+17,1.31757E+17,803.2,1,11
2,-1,1.31757E+17,1.31757E+17,813.3,1,11
2,-1,1.31757E+17,1.31757E+17,833.3,1,11
2,-1,1.31757E+17,1.31757E+17,821.5,1,11
2,-1,1.31757E+17,1.31757E+17,831.2,1,11
2,-1,1.31757E+17,1.31757E+17,822.8,1,11
2,-1,1.31757E+17,1.31757E+17,811.6,1,11
2,-1,1.31757E+17,1.31757E+17,810.1,1,11
2,-1,1.31757E+17,1.31757E+17,796,1,11
2,-1,1.31757E+17,1.31757E+17,785.1,1,11
2,-1,1.31757E+17,1.31757E+17,825.4,1,11
2,-1,1.31757E+17,1.31757E+17,822.9,1,11
2,-1,1.31757E+17,1.31757E+17,824.5,1,11
2,-1,1.31757E+17,1.31757E+17,839.9,1,11
2,-1,1.31757E+17,1.31757E+17,840.9,1,11
2,-1,1.31757E+17,1.31757E+17,870.6,1,11
2,-1,1.31757E+17,1.31757E+17,869.9,1,11
2,-1,1.31757E+17,1.31757E+17,865.5,1,11
2,-1,1.31757E+17,1.31757E+17,844.5,1,11
2,-1,1.31757E+17,1.31757E+17,805.8,1,11
2,-1,1.31757E+17,1.31757E+17,806.8,1,11
2,-1,1.31757E+17,1.31757E+17,808.5,1,11
2,-1,1.31757E+17,1.31757E+17,806.9,1,11
2,-1,1.31757E+17,1.31757E+17,806.2,1,11
2,-1,1.31757E+17,1.31757E+17,809,1,11
2,-1,1.31757E+17,1.31757E+17,805.7,1,11
2,-1,1.31757E+17,1.31757E+17,805.6,1,11
2,-1,1.31757E+17,1.31757E+17,785.8,1,11
2,-1,1.31757E+17,1.31757E+17,783.9,1,11
2,-1,1.31757E+17,1.31757E+17,778.3,1,11
2,-1,1.31757E+17,1.31757E+17,790.4,1,11
2,-1,1.31757E+17,1.31757E+17,775.3,1,11
2,-1,1.31757E+17,1.31757E+17,776.8,1,11
2,-1,1.31757E+17,1.31757E+17,788.8,1,11
2,-1,1.31757E+17,1.31757E+17,794.6,1,11
2,-1,1.31757E+17,1.31757E+17,811.3,1,11
2,-1,1.31757E+17,1.31757E+17,807.7,1,11
2,-1,1.31757E+17,1.31757E+17,877.9,1,11
2,-1,1.31757E+17,1.31757E+17,875.3,1,11
2,-1,1.31757E+17,1.31757E+17,825.5,1,11
2,-1,1.31757E+17,1.31757E+17,811.5,1,11
2,-1,1.31757E+17,1.31757E+17,803.2,1,11
2,-1,1.31757E+17,1.31757E+17,794,1,11
2,-1,1.31757E+17,1.31757E+17,783.9,1,11
2,-1,1.31757E+17,1.31757E+17,782.5,1,11
2,-1,1.31757E+17,1.31757E+17,800.2,1,11
2,-1,1.31757E+17,1.31757E+17,796,1,11
2,-1,1.31757E+17,1.31757E+17,817.2,1,11
2,-1,1.31757E+17,1.31757E+17,840.9,1,11
2,-1,1.31757E+17,1.31757E+17,844.7,1,11
2,-1,1.31757E+17,1.31757E+17,813.6,1,11
2,-1,1.31757E+17,1.31757E+17,788.9,1,11
2,-1,1.31757E+17,1.31757E+17,796.3,1,11
2,-1,1.31757E+17,1.31757E+17,842.7,1,11
2,-1,1.31757E+17,1.31757E+17,799.7,1,11
2,-1,1.31757E+17,1.31757E+17,788.1,1,11
2,-1,1.31757E+17,1.31757E+17,805.8,1,11
2,-1,1.31757E+17,1.31757E+17,820.4,1,11
2,-1,1.31757E+17,1.31757E+17,811.7,1,11
2,-1,1.31757E+17,1.31757E+17,806.2,1,11
2,-1,1.31757E+17,1.31757E+17,772.5,1,11
2,-1,1.31757E+17,1.31757E+17,770.1,1,11
2,-1,1.31757E+17,1.31757E+17,795.7,1,11
2,-1,1.31757E+17,1.31757E+17,785.8,1,11
2,-1,1.31757E+17,1.31757E+17,807,1,11
2,-1,1.31757E+17,1.31757E+17,837.6,1,11
2,-1,1.31757E+17,1.31757E+17,872.9,1,11
2,-1,1.31757E+17,1.31757E+17,855.3,1,11
2,-1,1.31757E+17,1.31757E+17,834.1,1,11
2,-1,1.31757E+17,1.31757E+17,830.9,1,11
2,-1,1.31757E+17,1.31757E+17,807.9,1,11
2,-1,1.31757E+17,1.31757E+17,800.5,1,11
2,-1,1.31757E+17,1.31757E+17,803.7,1,11
2,-1,1.31757E+17,1.31757E+17,797.9,1,11
2,-1,1.31757E+17,1.31757E+17,805.7,1,11
2,-1,1.31757E+17,1.31757E+17,836,1,11
2,-1,1.31757E+17,1.31757E+17,817.5,1,11
2,-1,1.31757E+17,1.31757E+17,813.9,1,11
2,-1,1.31757E+17,1.31757E+17,788.3,1,11
2,-1,1.31757E+17,1.31757E+17,784,1,11
2,-1,1.31757E+17,1.31757E+17,786.7,1,11
2,-1,1.31757E+17,1.31757E+17,765,1,11
2,-1,1.31757E+17,1.31757E+17,787.9,1,11
2,-1,1.31757E+17,1.31757E+17,779.5,1,11
2,-1,1.31757E+17,1.31757E+17,772.5,1,11
2,-1,1.31757E+17,1.31757E+17,858.4,1,11
2,-1,1.31757E+17,1.31757E+17,827.8,1,11
2,-1,1.31757E+17,1.31757E+17,821.3,1,11
2,-1,1.31757E+17,1.31757E+17,848.8,1,11
2,-1,1.31757E+17,1.31757E+17,866,1,11
2,-1,1.31757E+17,1.31757E+17,883.4,1,11
2,-1,1.31757E+17,1.31757E+17,876,1,11
2,-1,1.31757E+17,1.31757E+17,882,1,11
2,-1,1.31757E+17,1.31757E+17,842.5,1,11
2,-1,1.31757E+17,1.31757E+17,830.9,1,11
2,-1,1.31757E+17,1.31757E+17,892.7,1,11
2,-1,1.31757E+17,1.31757E+17,889.1,1,11
2,-1,1.31757E+17,1.31757E+17,871.4,1,11
2,-1,1.31757E+17,1.31757E+17,854.5,1,11
2,-1,1.31757E+17,1.31757E+17,803.1,1,11
2,-1,1.31757E+17,1.31757E+17,804.5,1,11
2,-1,1.31757E+17,1.31757E+17,811.6,1,11
2,-1,1.31757E+17,1.31757E+17,811.4,1,11
2,-1,1.31757E+17,1.31757E+17,800.6,1,11
2,-1,1.31757E+17,1.31757E+17,801.3,1,11
2,-1,1.31757E+17,1.31757E+17,815.7,1,11
2,-1,1.31757E+17,1.31757E+17,809.1,1,11
2,-1,1.31757E+17,1.31757E+17,822.2,1,11
2,-1,1.31757E+17,1.31757E+17,804.4,1,11
2,-1,1.31757E+17,1.31757E+17,809,1,11
2,-1,1.31757E+17,1.31757E+17,820.3,1,11
2,-1,1.31757E+17,1.31757E+17,832,1,11
2,-1,1.31757E+17,1.31757E+17,872,1,11
2,-1,1.31757E+17,1.31757E+17,862.3,1,11
2,-1,1.31757E+17,1.31757E+17,873.9,1,11
2,-1,1.31757E+17,1.31757E+17,871.1,1,11
2,-1,1.31757E+17,1.31757E+17,864.3,1,11
2,-1,1.31757E+17,1.31757E+17,867.4,1,11
2,-1,1.31757E+17,1.31757E+17,822.2,1,11
2,-1,1.31757E+17,1.31757E+17,784,1,11
2,-1,1.31757E+17,1.31757E+17,812.9,1,11
2,-1,1.31757E+17,1.31757E+17,788.8,1,11
2,-1,1.31757E+17,1.31757E+17,793.3,1,11
2,-1,1.31757E+17,1.31757E+17,782.4,1,11
2,-1,1.31757E+17,1.31757E+17,783.2,1,11
2,-1,1.31757E+17,1.31757E+17,782.3,1,11
2,-1,1.31757E+17,1.31757E+17,787.3,1,11
2,-1,1.31757E+17,1.31757E+17,827.8,1,11
2,-1,1.31757E+17,1.31757E+17,816,1,11
2,-1,1.31757E+17,1.31757E+17,820.6,1,11
2,-1,1.31757E+17,1.31757E+17,808.5,1,11
2,-1,1.31757E+17,1.31757E+17,810.4,1,11
2,-1,1.31757E+17,1.31757E+17,808.7,1,11
2,-1,1.31757E+17,1.31757E+17,815.5,1,11
2,-1,1.31757E+17,1.31757E+17,810.9,1,11
2,-1,1.31757E+17,1.31757E+17,807.6,1,11
2,-1,1.31757E+17,1.31757E+17,791,1,11
2,-1,1.31757E+17,1.31757E+17,797.6,1,11
2,-1,1.31757E+17,1.31757E+17,845.9,1,11
2,-1,1.31757E+17,1.31757E+17,812.6,1,11
2,-1,1.31757E+17,1.31757E+17,805.3,1,11
2,-1,1.31757E+17,1.31757E+17,793.2,1,11
2,-1,1.31757E+17,1.31757E+17,788,1,11
2,-1,1.31757E+17,1.31757E+17,799.2,1,11
2,-1,1.31757E+17,1.31757E+17,779.5,1,11
2,-1,1.31757E+17,1.31757E+17,772.1,1,11
2,-1,1.31757E+17,1.31757E+17,800.8,1,11
2,-1,1.31757E+17,1.31757E+17,798.2,1,11
2,-1,1.31757E+17,1.31757E+17,803.4,1,11
2,-1,1.31757E+17,1.31757E+17,807.9,1,11
2,-1,1.31757E+17,1.31757E+17,822,1,11
2,-1,1.31757E+17,1.31757E+17,809.1,1,11
2,-1,1.31757E+17,1.31757E+17,780.7,1,11
2,-1,1.31757E+17,1.31757E+17,764.6,1,11
2,-1,1.31757E+17,1.31757E+17,802.5,1,11
2,-1,1.31757E+17,1.31757E+17,804.2,1,11
2,-1,1.31757E+17,1.31757E+17,808,1,11
2,-1,1.31757E+17,1.31757E+17,803.3,1,11
2,-1,1.31757E+17,1.31757E+17,887.1,1,11
2,-1,1.31757E+17,1.31757E+17,884.3,1,11
2,-1,1.31757E+17,1.31757E+17,881,1,11
2,-1,1.31757E+17,1.31757E+17,847.8,1,11
2,-1,1.31757E+17,1.31757E+17,808.6,1,11
2,-1,1.31757E+17,1.31757E+17,843.8,1,11
2,-1,1.31757E+17,1.31757E+17,825.3,1,11
2,-1,1.31757E+17,1.31757E+17,817.7,1,11
2,-1,1.31757E+17,1.31757E+17,811.9,1,11
2,-1,1.31757E+17,1.31757E+17,807.7,1,11
2,-1,1.31757E+17,1.31757E+17,831.8,1,11
2,-1,1.31757E+17,1.31757E+17,804.6,1,11
2,-1,1.31757E+17,1.31757E+17,810.4,1,11
2,-1,1.31757E+17,1.31757E+17,838.4,1,11
2,-1,1.31757E+17,1.31757E+17,850,1,11
2,-1,1.31757E+17,1.31757E+17,871.4,1,11
2,-1,1.31757E+17,1.31757E+17,872.4,1,11
2,-1,1.31757E+17,1.31757E+17,875.4,1,11
2,-1,1.31757E+17,1.31757E+17,846.7,1,11
2,-1,1.31757E+17,1.31757E+17,807.7,1,11
2,-1,1.31757E+17,1.31757E+17,805.8,1,11
2,-1,1.31757E+17,1.31757E+17,800.9,1,11
2,-1,1.31757E+17,1.31757E+17,811.8,1,11
2,-1,1.31757E+17,1.31757E+17,793.4,1,11
2,-1,1.31757E+17,1.31757E+17,786.1,1,11
2,-1,1.31757E+17,1.31757E+17,774.7,1,11
2,-1,1.31757E+17,1.31757E+17,771,1,11
2,-1,1.31757E+17,1.31757E+17,762.5,1,11
2,-1,1.31757E+17,1.31757E+17,814.6,1,11
2,-1,1.31757E+17,1.31757E+17,812.4,1,11
2,-1,1.31757E+17,1.31757E+17,806.4,1,11
2,-1,1.31757E+17,1.31757E+17,811.1,1,11
2,-1,1.31757E+17,1.31757E+17,803.8,1,11
2,-1,1.31757E+17,1.31757E+17,779.4,1,11
2,-1,1.31757E+17,1.31757E+17,789.8,1,11
2,-1,1.31757E+17,1.31757E+17,793.2,1,11
2,-1,1.31757E+17,1.31757E+17,822.5,1,11
2,-1,1.31757E+17,1.31757E+17,853.2,1,11
2,-1,1.31757E+17,1.31757E+17,856.8,1,11
2,-1,1.31757E+17,1.31757E+17,839.9,1,11
2,-1,1.31757E+17,1.31757E+17,824,1,11
2,-1,1.31757E+17,1.31757E+17,808.6,1,11
2,-1,1.31757E+17,1.31757E+17,796.2,1,11
2,-1,1.31757E+17,1.31757E+17,821.4,1,11
2,-1,1.31757E+17,1.31757E+17,802.6,1,11
2,-1,1.31757E+17,1.31757E+17,798.8,1,11
2,-1,1.31757E+17,1.31757E+17,848.9,1,11
2,-1,1.31757E+17,1.31757E+17,803.3,1,11
2,-1,1.31757E+17,1.31757E+17,820.7,1,11
2,-1,1.31757E+17,1.31757E+17,809.4,1,11
2,-1,1.31757E+17,1.31757E+17,806.1,1,11
2,-1,1.31757E+17,1.31757E+17,806.3,1,11
2,-1,1.31757E+17,1.31757E+17,788.7,1,11
2,-1,1.31757E+17,1.31757E+17,805,1,11
2,-1,1.31757E+17,1.31757E+17,869.4,1,11
2,-1,1.31757E+17,1.31757E+17,803.4,1,11
2,-1,1.31757E+17,1.31757E+17,880.5,1,11
2,-1,1.31757E+17,1.31757E+17,879.5,1,11
2,-1,1.31757E+17,1.31757E+17,874.8,1,11
2,-1,1.31757E+17,1.31757E+17,871.7,1,11
2,-1,1.31757E+17,1.31757E+17,860.5,1,11
2,-1,1.31757E+17,1.31757E+17,848.9,1,11
2,-1,1.31757E+17,1.31757E+17,845.1,1,11
2,-1,1.31757E+17,1.31757E+17,828.7,1,11
2,-1,1.31757E+17,1.31757E+17,808,1,11
2,-1,1.31757E+17,1.31757E+17,814.6,1,11
2,-1,1.31757E+17,1.31757E+17,810.5,1,11
2,-1,1.31757E+17,1.31757E+17,808.1,1,11
2,-1,1.31757E+17,1.31757E+17,802.1,1,11
2,-1,1.31757E+17,1.31757E+17,819.2,1,11
2,-1,1.31757E+17,1.31757E+17,807.9,1,11
2,-1,1.31757E+17,1.31757E+17,806,1,11
2,-1,1.31757E+17,1.31757E+17,821.2,1,11
2,-1,1.31757E+17,1.31757E+17,811.9,1,11
2,-1,1.31757E+17,1.31757E+17,811.7,1,11
2,-1,1.31757E+17,1.31757E+17,812,1,11
2,-1,1.31757E+17,1.31757E+17,812.2,1,11
2,-1,1.31757E+17,1.31757E+17,813.2,1,11
2,-1,1.31757E+17,1.31757E+17,835.9,1,11
2,-1,1.31757E+17,1.31757E+17,804.7,1,11
2,-1,1.31757E+17,1.31757E+17,803.1,1,11
2,-1,1.31757E+17,1.31757E+17,780,1,11
2,-1,1.31757E+17,1.31757E+17,787.3,1,11
2,-1,1.31757E+17,1.31757E+17,784.1,1,11
2,-1,1.31757E+17,1.31757E+17,784,1,11
2,-1,1.31757E+17,1.31757E+17,784,1,11
2,-1,1.31757E+17,1.31757E+17,766.8,1,11
2,-1,1.31757E+17,1.31757E+17,785.5,1,11
2,-1,1.31757E+17,1.31757E+17,774.8,1,11
2,-1,1.31757E+17,1.31757E+17,868.6,1,11
2,-1,1.31757E+17,1.31757E+17,843.3,1,11
2,-1,1.31757E+17,1.31757E+17,808.2,1,11
2,-1,1.31757E+17,1.31757E+17,807.2,1,11
2,-1,1.31757E+17,1.31757E+17,813.3,1,11
2,-1,1.31757E+17,1.31757E+17,806.7,1,11
2,-1,1.31757E+17,1.31757E+17,799.2,1,11
2,-1,1.31757E+17,1.31757E+17,797.3,1,11
2,-1,1.31757E+17,1.31757E+17,799.4,1,11
2,-1,1.31757E+17,1.31757E+17,792.6,1,11
2,-1,1.31757E+17,1.31757E+17,777.8,1,11
2,-1,1.31757E+17,1.31757E+17,805.9,1,11
2,-1,1.31757E+17,1.31757E+17,812.8,1,11
2,-1,1.31757E+17,1.31757E+17,806.4,1,11
2,-1,1.31757E+17,1.31757E+17,795,1,11
2,-1,1.31757E+17,1.31757E+17,806.9,1,11
2,-1,1.31757E+17,1.31757E+17,820.8,1,11
2,-1,1.31757E+17,1.31757E+17,801.7,1,11
2,-1,1.31757E+17,1.31757E+17,786,1,11
2,-1,1.31757E+17,1.31757E+17,834.8,1,11
2,-1,1.31757E+17,1.31757E+17,814.3,1,11
2,-1,1.31757E+17,1.31757E+17,846.2,1,11
2,-1,1.31757E+17,1.31757E+17,821.3,1,11
2,-1,1.31757E+17,1.31757E+17,808.2,1,11
2,-1,1.31757E+17,1.31757E+17,848.4,1,11
2,-1,1.31757E+17,1.31757E+17,801.2,1,11
2,-1,1.31757E+17,1.31757E+17,789.5,1,11
2,-1,1.31757E+17,1.31757E+17,865.6,1,11
2,-1,1.31757E+17,1.31757E+17,870.1,1,11
2,-1,1.31757E+17,1.31757E+17,861.8,1,11
2,-1,1.31757E+17,1.31757E+17,831.1,1,11
2,-1,1.31757E+17,1.31757E+17,872,1,11
2,-1,1.31757E+17,1.31757E+17,867.4,1,11
2,-1,1.31757E+17,1.31757E+17,840.6,1,11
2,-1,1.31757E+17,1.31757E+17,806,1,11
2,-1,1.31757E+17,1.31757E+17,795.4,1,11
2,-1,1.31757E+17,1.31757E+17,792.4,1,11
2,-1,1.31757E+17,1.31757E+17,895.8,1,11
2,-1,1.31757E+17,1.31757E+17,847.7,1,11
2,-1,1.31757E+17,1.31757E+17,830.3,1,11
2,-1,1.31757E+17,1.31757E+17,814.7,1,11
2,-1,1.31757E+17,1.31757E+17,821.5,1,11
2,-1,1.31757E+17,1.31757E+17,813.6,1,11
2,-1,1.31757E+17,1.31757E+17,808.6,1,11
2,-1,1.31757E+17,1.31757E+17,818.3,1,11
2,-1,1.31757E+17,1.31757E+17,816.7,1,11
2,-1,1.31757E+17,1.31757E+17,824.2,1,11
2,-1,1.31757E+17,1.31757E+17,813.7,1,11
2,-1,1.31757E+17,1.31757E+17,813,1,11
2,-1,1.31757E+17,1.31757E+17,817.8,1,11
2,-1,1.31757E+17,1.31757E+17,827.6,1,11
2,-1,1.31757E+17,1.31757E+17,828.1,1,11
2,-1,1.31757E+17,1.31757E+17,812.3,1,11
2,-1,1.31757E+17,1.31757E+17,799.3,1,11
2,-1,1.31757E+17,1.31757E+17,807,1,11
2,-1,1.31757E+17,1.31757E+17,807.5,1,11
2,-1,1.31757E+17,1.31757E+17,794.4,1,11
2,-1,1.31757E+17,1.31757E+17,809,1,11
2,-1,1.31757E+17,1.31757E+17,805.1,1,11
2,-1,1.31757E+17,1.31757E+17,816.3,1,11
2,-1,1.31757E+17,1.31757E+17,810.9,1,11
2,-1,1.31757E+17,1.31757E+17,839.8,1,11
2,-1,1.31757E+17,1.31757E+17,812.9,1,11
2,-1,1.31757E+17,1.31757E+17,814.9,1,11
2,-1,1.31757E+17,1.31757E+17,794.1,1,11
2,-1,1.31757E+17,1.31757E+17,792.4,1,11
2,-1,1.31757E+17,1.31757E+17,871.1,1,11
2,-1,1.31757E+17,1.31757E+17,871.7,1,11
2,-1,1.31757E+17,1.31757E+17,879.1,1,11
2,-1,1.31757E+17,1.31757E+17,858.1,1,11
2,-1,1.31757E+17,1.31757E+17,834.2,1,11
2,-1,1.31757E+17,1.31757E+17,841.9,1,11
2,-1,1.31757E+17,1.31757E+17,865.9,1,11
2,-1,1.31757E+17,1.31757E+17,848.6,1,11
2,-1,1.31757E+17,1.31757E+17,819.3,1,11
2,-1,1.31757E+17,1.31757E+17,812,1,11
2,-1,1.31757E+17,1.31757E+17,799.7,1,11
2,-1,1.31757E+17,1.31757E+17,802.3,1,11
2,-1,1.31757E+17,1.31757E+17,799.3,1,11
2,-1,1.31757E+17,1.31757E+17,808,1,11
2,-1,1.31757E+17,1.31757E+17,820.8,1,11
2,-1,1.31757E+17,1.31757E+17,813,1,11
2,-1,1.31757E+17,1.31757E+17,810.7,1,11
2,-1,1.31757E+17,1.31757E+17,803.1,1,11
2,-1,1.31757E+17,1.31757E+17,789.4,1,11
2,-1,1.31757E+17,1.31757E+17,797,1,11
2,-1,1.31757E+17,1.31757E+17,799.8,1,11
2,-1,1.31757E+17,1.31757E+17,787.1,1,11
2,-1,1.31757E+17,1.31757E+17,805.5,1,11
2,-1,1.31757E+17,1.31757E+17,845.7,1,11
2,-1,1.31757E+17,1.31757E+17,815.3,1,11
2,-1,1.31757E+17,1.31757E+17,812.8,1,11
2,-1,1.31757E+17,1.31757E+17,808.7,1,11
2,-1,1.31757E+17,1.31757E+17,804.4,1,11
2,-1,1.31757E+17,1.31757E+17,798.8,1,11
2,-1,1.31757E+17,1.31757E+17,800.7,1,11
2,-1,1.31757E+17,1.31757E+17,783,1,11
2,-1,1.31757E+17,1.31757E+17,799.5,1,11
2,-1,1.31757E+17,1.31757E+17,810.8,1,11
2,-1,1.31757E+17,1.31757E+17,870.4,1,11
2,-1,1.31757E+17,1.31757E+17,851.5,1,11
2,-1,1.31757E+17,1.31757E+17,816.7,1,11
2,-1,1.31757E+17,1.31757E+17,801.9,1,11
2,-1,1.31757E+17,1.31757E+17,832.2,1,11
2,-1,1.31757E+17,1.31757E+17,811.2,1,11
2,-1,1.31757E+17,1.31757E+17,806,1,11
2,-1,1.31757E+17,1.31757E+17,799.1,1,11
2,-1,1.31757E+17,1.31757E+17,816.5,1,11
2,-1,1.31757E+17,1.31757E+17,802.5,1,11
2,-1,1.31757E+17,1.31757E+17,810.4,1,11
2,-1,1.31757E+17,1.31757E+17,815.5,1,11
2,-1,1.31757E+17,1.31757E+17,807.7,1,11
2,-1,1.31757E+17,1.31757E+17,807.6,1,11
2,-1,1.31757E+17,1.31757E+17,805.1,1,11
2,-1,1.31757E+17,1.31757E+17,811.8,1,11
2,-1,1.31757E+17,1.31757E+17,833.5,1,11
2,-1,1.31757E+17,1.31757E+17,809.6,1,11
2,-1,1.31757E+17,1.31757E+17,806.9,1,11
2,-1,1.31757E+17,1.31757E+17,853.2,1,11
2,-1,1.31757E+17,1.31757E+17,835.1,1,11
2,-1,1.31757E+17,1.31757E+17,827.1,1,11
2,-1,1.31757E+17,1.31757E+17,810.6,1,11
2,-1,1.31757E+17,1.31757E+17,849.1,1,11
2,-1,1.31757E+17,1.31757E+17,847.9,1,11
2,-1,1.31757E+17,1.31757E+17,813.7,1,11
2,-1,1.31757E+17,1.31757E+17,852.8,1,11
2,-1,1.31757E+17,1.31757E+17,832.9,1,11
2,-1,1.31757E+17,1.31757E+17,879.7,1,11
2,-1,1.31757E+17,1.31757E+17,881.4,1,11
2,-1,1.31757E+17,1.31757E+17,876.4,1,11
2,-1,1.31757E+17,1.31757E+17,878.4,1,11
2,-1,1.31757E+17,1.31757E+17,877.8,1,11
2,-1,1.31757E+17,1.31757E+17,870.5,1,11
2,-1,1.31757E+17,1.31757E+17,869.6,1,11
2,-1,1.31757E+17,1.31757E+17,870.4,1,11
2,-1,1.31757E+17,1.31757E+17,820.9,1,11
2,-1,1.31757E+17,1.31757E+17,811.5,1,11
2,-1,1.31757E+17,1.31757E+17,868.7,1,11
2,-1,1.31757E+17,1.31757E+17,871,1,11
2,-1,1.31757E+17,1.31757E+17,865.6,1,11
2,-1,1.31757E+17,1.31757E+17,805.2,1,11
2,-1,1.31757E+17,1.31757E+17,815.3,1,11
2,-1,1.31757E+17,1.31757E+17,804,1,11
2,-1,1.31757E+17,1.31757E+17,808.8,1,11
2,-1,1.31757E+17,1.31757E+17,807.2,1,11
2,-1,1.31757E+17,1.31757E+17,805.8,1,11
2,-1,1.31757E+17,1.31757E+17,801.2,1,11
2,-1,1.31757E+17,1.31757E+17,797,1,11
2,-1,1.31757E+17,1.31757E+17,794.4,1,11
2,-1,1.31757E+17,1.31757E+17,791.6,1,11
2,-1,1.31757E+17,1.31757E+17,795.4,1,11
2,-1,1.31757E+17,1.31757E+17,803.8,1,11
2,-1,1.31757E+17,1.31757E+17,774.5,1,11
2,-1,1.31757E+17,1.31757E+17,766.8,1,11
2,-1,1.31757E+17,1.31757E+17,777.9,1,11
2,-1,1.31757E+17,1.31757E+17,775.3,1,11
2,-1,1.31757E+17,1.31757E+17,776.6,1,11
2,-1,1.31757E+17,1.31757E+17,828.1,1,11
2,-1,1.31757E+17,1.31757E+17,836.2,1,11
2,-1,1.31757E+17,1.31757E+17,800,1,11
2,-1,1.31757E+17,1.31757E+17,789.3,1,11
2,-1,1.31757E+17,1.31757E+17,820,1,11
2,-1,1.31757E+17,1.31757E+17,880.9,1,11
2,-1,1.31757E+17,1.31757E+17,886.1,1,11
2,-1,1.31757E+17,1.31757E+17,873,1,11
2,-1,1.31757E+17,1.31757E+17,858,1,11
2,-1,1.31757E+17,1.31757E+17,852.1,1,11
2,-1,1.31757E+17,1.31757E+17,810,1,11
2,-1,1.31757E+17,1.31757E+17,785.8,1,11
2,-1,1.31757E+17,1.31757E+17,776.3,1,11
2,-1,1.31757E+17,1.31757E+17,821.6,1,11
2,-1,1.31757E+17,1.31757E+17,793.2,1,11
2,-1,1.31757E+17,1.31757E+17,809.4,1,11
2,-1,1.31757E+17,1.31757E+17,804.5,1,11
2,-1,1.31757E+17,1.31757E+17,819.3,1,11
2,-1,1.31757E+17,1.31757E+17,800.5,1,11
2,-1,1.31757E+17,1.31757E+17,774.4,1,11
2,-1,1.31757E+17,1.31757E+17,781.5,1,11
2,-1,1.31757E+17,1.31757E+17,803.3,1,11
2,-1,1.31757E+17,1.31757E+17,807.3,1,11
2,-1,1.31757E+17,1.31757E+17,814.4,1,11
2,-1,1.31757E+17,1.31757E+17,864,1,11
2,-1,1.31757E+17,1.31757E+17,852.9,1,11
2,-1,1.31757E+17,1.31757E+17,841.5,1,11
2,-1,1.31757E+17,1.31757E+17,852.5,1,11
2,-1,1.31757E+17,1.31757E+17,813.8,1,11
2,-1,1.31757E+17,1.31757E+17,840.8,1,11
2,-1,1.31757E+17,1.31757E+17,837.9,1,11
2,-1,1.31757E+17,1.31757E+17,836,1,11
2,-1,1.31757E+17,1.31757E+17,886.6,1,11
2,-1,1.31757E+17,1.31757E+17,879.3,1,11
2,-1,1.31757E+17,1.31757E+17,858.9,1,11
2,-1,1.31757E+17,1.31757E+17,836.9,1,11
2,-1,1.31757E+17,1.31757E+17,821.7,1,11
2,-1,1.31757E+17,1.31757E+17,808.5,1,11
2,-1,1.31757E+17,1.31757E+17,823,1,11
2,-1,1.31757E+17,1.31757E+17,807.6,1,11
2,-1,1.31757E+17,1.31757E+17,877.5,1,11
2,-1,1.31757E+17,1.31757E+17,862.1,1,11
2,-1,1.31757E+17,1.31757E+17,882,1,11
2,-1,1.31757E+17,1.31757E+17,881.5,1,11
2,-1,1.31757E+17,1.31757E+17,875.9,1,11
2,-1,1.31757E+17,1.31757E+17,882.2,1,11
2,-1,1.31757E+17,1.31757E+17,879.3,1,11
2,-1,1.31757E+17,1.31757E+17,869.2,1,11
2,-1,1.31757E+17,1.31757E+17,807.8,1,11
2,-1,1.31757E+17,1.31757E+17,807.3,1,11
2,-1,1.31757E+17,1.31757E+17,820.4,1,11
2,-1,1.31757E+17,1.31757E+17,808,1,11
2,-1,1.31757E+17,1.31757E+17,807.6,1,11
2,-1,1.31757E+17,1.31757E+17,803.7,1,11
2,-1,1.31757E+17,1.31757E+17,801.9,1,11
2,-1,1.31757E+17,1.31757E+17,803.5,1,11
2,-1,1.31757E+17,1.31757E+17,795.7,1,11
2,-1,1.31757E+17,1.31757E+17,767.8,1,11
2,-1,1.31757E+17,1.31757E+17,781.3,1,11
2,-1,1.31757E+17,1.31757E+17,767.7,1,11
2,-1,1.31757E+17,1.31757E+17,821,1,11
2,-1,1.31757E+17,1.31757E+17,818.1,1,11
2,-1,1.31757E+17,1.31757E+17,796.3,1,11
2,-1,1.31757E+17,1.31757E+17,794.5,1,11
2,-1,1.31757E+17,1.31757E+17,818.7,1,11
2,-1,1.31757E+17,1.31757E+17,812.9,1,11
2,-1,1.31757E+17,1.31757E+17,798.7,1,11
2,-1,1.31757E+17,1.31757E+17,785.5,1,11
2,-1,1.31757E+17,1.31757E+17,813,1,11
2,-1,1.31757E+17,1.31757E+17,808,1,11
2,-1,1.31757E+17,1.31757E+17,804.5,1,11
2,-1,1.31757E+17,1.31757E+17,849,1,11
2,-1,1.31757E+17,1.31757E+17,813,1,11
2,-1,1.31757E+17,1.31757E+17,807.5,1,11
2,-1,1.31757E+17,1.31757E+17,794.7,1,11
2,-1,1.31757E+17,1.31757E+17,791,1,11
2,-1,1.31757E+17,1.31757E+17,794.9,1,11
2,-1,1.31757E+17,1.31757E+17,774.1,1,11
2,-1,1.31757E+17,1.31757E+17,790.2,1,11
2,-1,1.31757E+17,1.31757E+17,797.8,1,11
2,-1,1.31757E+17,1.31757E+17,794.8,1,11
2,-1,1.31757E+17,1.31757E+17,809.7,1,11
2,-1,1.31757E+17,1.31757E+17,858.4,1,11
2,-1,1.31757E+17,1.31757E+17,808.5,1,11
2,-1,1.31757E+17,1.31757E+17,797.9,1,11
2,-1,1.31757E+17,1.31757E+17,893.5,1,11
2,-1,1.31757E+17,1.31757E+17,887.8,1,11
2,-1,1.31757E+17,1.31757E+17,887.3,1,11
2,-1,1.31757E+17,1.31757E+17,888.5,1,11
2,-1,1.31757E+17,1.31757E+17,888,1,11
2,-1,1.31757E+17,1.31757E+17,892.4,1,11
2,-1,1.31757E+17,1.31757E+17,885,1,11
2,-1,1.31757E+17,1.31757E+17,893.1,1,11
2,-1,1.31757E+17,1.31757E+17,883.8,1,11
2,-1,1.31757E+17,1.31757E+17,885,1,11
2,-1,1.31757E+17,1.31757E+17,809.8,1,11
2,-1,1.31757E+17,1.31757E+17,829.1,1,11
2,-1,1.31757E+17,1.31757E+17,816.8,1,11
2,-1,1.31757E+17,1.31757E+17,823.5,1,11
2,-1,1.31757E+17,1.31757E+17,810,1,11
2,-1,1.31757E+17,1.31757E+17,865.9,1,11
2,-1,1.31757E+17,1.31757E+17,863.3,1,11
2,-1,1.31757E+17,1.31757E+17,862.7,1,11
2,-1,1.31757E+17,1.31757E+17,882,1,11
2,-1,1.31757E+17,1.31757E+17,885.8,1,11
2,-1,1.31757E+17,1.31757E+17,888.3,1,11
2,-1,1.31757E+17,1.31757E+17,884.5,1,11
2,-1,1.31757E+17,1.31757E+17,884.2,1,11
2,-1,1.31757E+17,1.31757E+17,884.8,1,11
2,-1,1.31757E+17,1.31757E+17,834.2,1,11
2,-1,1.31757E+17,1.31757E+17,809.1,1,11
2,-1,1.31757E+17,1.31757E+17,803.8,1,11
2,-1,1.31757E+17,1.31757E+17,814.5,1,11
2,-1,1.31757E+17,1.31757E+17,800.3,1,11
2,-1,1.31757E+17,1.31757E+17,806.9,1,11
2,-1,1.31757E+17,1.31757E+17,798,1,11
2,-1,1.31757E+17,1.31757E+17,805.3,1,11
2,-1,1.31757E+17,1.31757E+17,807.2,1,11
2,-1,1.31757E+17,1.31757E+17,802.5,1,11
2,-1,1.31757E+17,1.31757E+17,808.4,1,11
2,-1,1.31757E+17,1.31757E+17,805.9,1,11
2,-1,1.31757E+17,1.31757E+17,810.9,1,11
2,-1,1.31757E+17,1.31757E+17,807.7,1,11
2,-1,1.31757E+17,1.31757E+17,822.7,1,11
2,-1,1.31757E+17,1.31757E+17,810,1,11
2,-1,1.31757E+17,1.31757E+17,804.8,1,11
2,-1,1.31757E+17,1.31757E+17,794.2,1,11
2,-1,1.31757E+17,1.31757E+17,803.8,1,11
2,-1,1.31757E+17,1.31757E+17,786.3,1,11
2,-1,1.31757E+17,1.31757E+17,801.5,1,11
2,-1,1.31757E+17,1.31757E+17,793.1,1,11
2,-1,1.31757E+17,1.31757E+17,783.5,1,11
2,-1,1.31757E+17,1.31757E+17,852.9,1,11
2,-1,1.31757E+17,1.31757E+17,807.2,1,11
2,-1,1.31757E+17,1.31757E+17,779.9,1,11
2,-1,1.31757E+17,1.31757E+17,788.1,1,11
2,-1,1.31757E+17,1.31757E+17,790.5,1,11
2,-1,1.31757E+17,1.31757E+17,779,1,11
2,-1,1.31757E+17,1.31757E+17,783.5,1,11
2,-1,1.31757E+17,1.31757E+17,796,1,11
2,-1,1.31757E+17,1.31757E+17,825.4,1,11
2,-1,1.31757E+17,1.31757E+17,805.7,1,11
2,-1,1.31757E+17,1.31757E+17,794.8,1,11
2,-1,1.31757E+17,1.31757E+17,826,1,11
2,-1,1.31757E+17,1.31757E+17,884,1,11
2,-1,1.31757E+17,1.31757E+17,887.8,1,11
2,-1,1.31757E+17,1.31757E+17,884.3,1,11
2,-1,1.31757E+17,1.31757E+17,848.2,1,11
2,-1,1.31757E+17,1.31757E+17,828.7,1,11
2,-1,1.31757E+17,1.31757E+17,822.1,1,11
2,-1,1.31757E+17,1.31757E+17,793.4,1,11
2,-1,1.31757E+17,1.31757E+17,883.4,1,11
2,-1,1.31757E+17,1.31757E+17,857.9,1,11
2,-1,1.31757E+17,1.31757E+17,807.2,1,11
2,-1,1.31757E+17,1.31757E+17,805.9,1,11
2,-1,1.31757E+17,1.31757E+17,810.3,1,11
2,-1,1.31757E+17,1.31757E+17,804.1,1,11
2,-1,1.31757E+17,1.31757E+17,807.3,1,11
2,-1,1.31757E+17,1.31757E+17,776.5,1,11
2,-1,1.31757E+17,1.31757E+17,779.2,1,11
2,-1,1.31757E+17,1.31757E+17,807.8,1,11
2,-1,1.31757E+17,1.31757E+17,808.4,1,11
2,-1,1.31757E+17,1.31757E+17,801.1,1,11
2,-1,1.31757E+17,1.31757E+17,868.3,1,11
2,-1,1.31757E+17,1.31757E+17,875,1,11
2,-1,1.31757E+17,1.31757E+17,873.2,1,11
2,-1,1.31757E+17,1.31757E+17,887.4,1,11
2,-1,1.31757E+17,1.31757E+17,889.5,1,11
2,-1,1.31757E+17,1.31757E+17,875.9,1,11
2,-1,1.31757E+17,1.31757E+17,873.2,1,11
2,-1,1.31757E+17,1.31757E+17,883.2,1,11
2,-1,1.31757E+17,1.31757E+17,883.4,1,11
2,-1,1.31757E+17,1.31757E+17,882.4,1,11
2,-1,1.31757E+17,1.31757E+17,871.7,1,11
2,-1,1.31757E+17,1.31757E+17,882.7,1,11
2,-1,1.31757E+17,1.31757E+17,860.7,1,11
2,-1,1.31757E+17,1.31757E+17,807.9,1,11
2,-1,1.31757E+17,1.31757E+17,810.2,1,11
2,-1,1.31757E+17,1.31757E+17,804.6,1,11
2,-1,1.31757E+17,1.31757E+17,807.4,1,11
2,-1,1.31757E+17,1.31757E+17,805.6,1,11
2,-1,1.31757E+17,1.31757E+17,806.3,1,11
2,-1,1.31757E+17,1.31757E+17,817.5,1,11
2,-1,1.31757E+17,1.31757E+17,810.1,1,11
2,-1,1.31757E+17,1.31757E+17,808.6,1,11
2,-1,1.31757E+17,1.31757E+17,809.8,1,11
2,-1,1.31757E+17,1.31757E+17,819.1,1,11
2,-1,1.31757E+17,1.31757E+17,811,1,11
2,-1,1.31757E+17,1.31757E+17,820.9,1,11
2,-1,1.31757E+17,1.31757E+17,805.4,1,11
2,-1,1.31757E+17,1.31757E+17,804,1,11
2,-1,1.31757E+17,1.31757E+17,824.2,1,11
2,-1,1.31757E+17,1.31757E+17,844.3,1,11
2,-1,1.31757E+17,1.31757E+17,812.7,1,11
2,-1,1.31757E+17,1.31757E+17,828.5,1,11
2,-1,1.31757E+17,1.31757E+17,806.6,1,11
2,-1,1.31757E+17,1.31757E+17,805.1,1,11
2,-1,1.31757E+17,1.31757E+17,779.4,1,11
2,-1,1.31757E+17,1.31757E+17,768.6,1,11
2,-1,1.31757E+17,1.31757E+17,770.6,1,11
2,-1,1.31757E+17,1.31757E+17,808.5,1,11
2,-1,1.31757E+17,1.31757E+17,801.4,1,11
2,-1,1.31757E+17,1.31757E+17,821.2,1,11
2,-1,1.31757E+17,1.31757E+17,889.2,1,11
2,-1,1.31757E+17,1.31757E+17,893.1,1,11
2,-1,1.31757E+17,1.31757E+17,886.1,1,11
2,-1,1.31757E+17,1.31757E+17,883.8,1,11
2,-1,1.31757E+17,1.31757E+17,802.8,1,11
2,-1,1.31757E+17,1.31757E+17,791.4,1,11
2,-1,1.31757E+17,1.31757E+17,816.3,1,11
2,-1,1.31757E+17,1.31757E+17,806.8,1,11
2,-1,1.31757E+17,1.31757E+17,811.1,1,11
2,-1,1.31757E+17,1.31757E+17,819.3,1,11
2,-1,1.31757E+17,1.31757E+17,808.8,1,11
2,-1,1.31757E+17,1.31757E+17,804,1,11
2,-1,1.31757E+17,1.31757E+17,795.4,1,11
2,-1,1.31757E+17,1.31757E+17,795,1,11
2,-1,1.31757E+17,1.31757E+17,778.5,1,11
2,-1,1.31757E+17,1.31757E+17,800.1,1,11
2,-1,1.31757E+17,1.31757E+17,823.8,1,11
2,-1,1.31757E+17,1.31757E+17,801.8,1,11
2,-1,1.31757E+17,1.31757E+17,807.8,1,11
2,-1,1.31757E+17,1.31757E+17,862.3,1,11
2,-1,1.31757E+17,1.31757E+17,834.9,1,11
2,-1,1.31757E+17,1.31757E+17,820.1,1,11
2,-1,1.31757E+17,1.31757E+17,857.7,1,11
2,-1,1.31757E+17,1.31757E+17,851.1,1,11
2,-1,1.31757E+17,1.31757E+17,839.8,1,11
2,-1,1.31757E+17,1.31757E+17,831.2,1,11
2,-1,1.31757E+17,1.31757E+17,805.8,1,11
2,-1,1.31757E+17,1.31757E+17,800.1,1,11
2,-1,1.31757E+17,1.31757E+17,804,1,11
2,-1,1.31757E+17,1.31757E+17,814.5,1,11
2,-1,1.31757E+17,1.31757E+17,802.3,1,11
2,-1,1.31757E+17,1.31757E+17,799.9,1,11
2,-1,1.31757E+17,1.31757E+17,819.4,1,11
2,-1,1.31757E+17,1.31757E+17,807.4,1,11
2,-1,1.31757E+17,1.31757E+17,797.6,1,11
2,-1,1.31757E+17,1.31757E+17,795.3,1,11
2,-1,1.31757E+17,1.31757E+17,794.7,1,11
2,-1,1.31757E+17,1.31757E+17,789.8,1,11
2,-1,1.31757E+17,1.31757E+17,805.5,1,11
2,-1,1.31757E+17,1.31757E+17,857,1,11
2,-1,1.31757E+17,1.31757E+17,857.5,1,11
2,-1,1.31757E+17,1.31757E+17,814.9,1,11
2,-1,1.31757E+17,1.31757E+17,811.7,1,11
2,-1,1.31757E+17,1.31757E+17,806,1,11
2,-1,1.31757E+17,1.31757E+17,849.9,1,11
2,-1,1.31757E+17,1.31757E+17,855.7,1,11
2,-1,1.31757E+17,1.31757E+17,808.5,1,11
2,-1,1.31757E+17,1.31757E+17,861,1,11
2,-1,1.31757E+17,1.31757E+17,814.7,1,11
2,-1,1.31757E+17,1.31757E+17,802.9,1,11
2,-1,1.31757E+17,1.31757E+17,809,1,11
2,-1,1.31757E+17,1.31757E+17,804,1,11
2,-1,1.31757E+17,1.31757E+17,814.3,1,11
2,-1,1.31757E+17,1.31757E+17,805.9,1,11
2,-1,1.31757E+17,1.31757E+17,810,1,11
2,-1,1.31757E+17,1.31757E+17,817.3,1,11
2,-1,1.31757E+17,1.31757E+17,862.9,1,11
2,-1,1.31757E+17,1.31757E+17,813.8,1,11
2,-1,1.31757E+17,1.31757E+17,865.8,1,11
2,-1,1.31757E+17,1.31757E+17,864,1,11
2,-1,1.31757E+17,1.31757E+17,873.5,1,11
2,-1,1.31757E+17,1.31757E+17,869.8,1,11
2,-1,1.31757E+17,1.31757E+17,877.5,1,11
2,-1,1.31757E+17,1.31757E+17,868.4,1,11
2,-1,1.31757E+17,1.31757E+17,872.7,1,11
2,-1,1.31757E+17,1.31757E+17,859.7,1,11
2,-1,1.31757E+17,1.31757E+17,869.2,1,11
2,-1,1.31757E+17,1.31757E+17,833.8,1,11
2,-1,1.31757E+17,1.31757E+17,824.6,1,11
2,-1,1.31757E+17,1.31757E+17,813.1,1,11
2,-1,1.31757E+17,1.31757E+17,809.4,1,11
2,-1,1.31757E+17,1.31757E+17,811.5,1,11
2,-1,1.31757E+17,1.31757E+17,815,1,11
2,-1,1.31757E+17,1.31757E+17,808.4,1,11
2,-1,1.31757E+17,1.31757E+17,807.5,1,11
2,-1,1.31757E+17,1.31757E+17,814.8,1,11
2,-1,1.31757E+17,1.31757E+17,812.8,1,11
2,-1,1.31757E+17,1.31757E+17,808.8,1,11
2,-1,1.31757E+17,1.31757E+17,810.4,1,11
2,-1,1.31757E+17,1.31757E+17,801.7,1,11
2,-1,1.31757E+17,1.31757E+17,818.2,1,11
2,-1,1.31757E+17,1.31757E+17,824.2,1,11
2,-1,1.31757E+17,1.31757E+17,788.5,1,11
2,-1,1.31757E+17,1.31757E+17,788.8,1,11
2,-1,1.31757E+17,1.31757E+17,794.4,1,11
2,-1,1.31757E+17,1.31757E+17,763.8,1,11
2,-1,1.31757E+17,1.31757E+17,756.9,1,11
2,-1,1.31757E+17,1.31757E+17,765.4,1,11
2,-1,1.31757E+17,1.31757E+17,798.6,1,11
2,-1,1.31757E+17,1.31757E+17,787,1,11
2,-1,1.31757E+17,1.31757E+17,788.1,1,11
2,-1,1.31757E+17,1.31757E+17,813.6,1,11
2,-1,1.31757E+17,1.31757E+17,823.3,1,11
2,-1,1.31757E+17,1.31757E+17,819.6,1,11
2,-1,1.31757E+17,1.31757E+17,889.5,1,11
2,-1,1.31757E+17,1.31757E+17,815.3,1,11
2,-1,1.31757E+17,1.31757E+17,810.7,1,11
2,-1,1.31757E+17,1.31757E+17,825.2,1,11
2,-1,1.31757E+17,1.31757E+17,879.5,1,11
2,-1,1.31757E+17,1.31757E+17,877.2,1,11
2,-1,1.31757E+17,1.31757E+17,805.8,1,11
2,-1,1.31757E+17,1.31757E+17,791.2,1,11
2,-1,1.31757E+17,1.31757E+17,820.3,1,11
2,-1,1.31757E+17,1.31757E+17,820.6,1,11
2,-1,1.31757E+17,1.31757E+17,877.9,1,11
2,-1,1.31757E+17,1.31757E+17,880,1,11
2,-1,1.31757E+17,1.31757E+17,891.5,1,11
2,-1,1.31757E+17,1.31757E+17,811.7,1,11
2,-1,1.31757E+17,1.31757E+17,795,1,11
2,-1,1.31757E+17,1.31757E+17,770,1,11
2,-1,1.31757E+17,1.31757E+17,801.9,1,11
2,-1,1.31757E+17,1.31757E+17,795.8,1,11
2,-1,1.31757E+17,1.31757E+17,809.6,1,11
2,-1,1.31757E+17,1.31757E+17,804,1,11
2,-1,1.31757E+17,1.31757E+17,814.8,1,11
2,-1,1.31757E+17,1.31757E+17,806,1,11
2,-1,1.31757E+17,1.31757E+17,787.9,1,11
2,-1,1.31757E+17,1.31757E+17,799.6,1,11
2,-1,1.31757E+17,1.31757E+17,862.4,1,11
2,-1,1.31757E+17,1.31757E+17,874.3,1,11
2,-1,1.31757E+17,1.31757E+17,861,1,11
2,-1,1.31757E+17,1.31757E+17,865.6,1,11
2,-1,1.31757E+17,1.31757E+17,877.1,1,11
2,-1,1.31757E+17,1.31757E+17,876,1,11
2,-1,1.31757E+17,1.31757E+17,880.9,1,11
2,-1,1.31757E+17,1.31757E+17,881.8,1,11
2,-1,1.31757E+17,1.31757E+17,881.1,1,11
2,-1,1.31757E+17,1.31757E+17,866.8,1,11
2,-1,1.31757E+17,1.31757E+17,872.1,1,11
2,-1,1.31757E+17,1.31757E+17,845.2,1,11
2,-1,1.31757E+17,1.31757E+17,815.5,1,11
2,-1,1.31757E+17,1.31757E+17,798.7,1,11
2,-1,1.31757E+17,1.31757E+17,807.1,1,11
2,-1,1.31757E+17,1.31757E+17,808,1,11
2,-1,1.31757E+17,1.31757E+17,808.3,1,11
2,-1,1.31757E+17,1.31757E+17,875,1,11
2,-1,1.31757E+17,1.31757E+17,870,1,11
2,-1,1.31757E+17,1.31757E+17,873.7,1,11
2,-1,1.31757E+17,1.31757E+17,874.6,1,11
2,-1,1.31757E+17,1.31757E+17,872.7,1,11
2,-1,1.31757E+17,1.31757E+17,868,1,11
2,-1,1.31757E+17,1.31757E+17,821.3,1,11
2,-1,1.31757E+17,1.31757E+17,821.6,1,11
2,-1,1.31757E+17,1.31757E+17,804.3,1,11
2,-1,1.31757E+17,1.31757E+17,815.8,1,11
2,-1,1.31757E+17,1.31757E+17,799.4,1,11
2,-1,1.31757E+17,1.31757E+17,790.5,1,11
2,-1,1.31757E+17,1.31757E+17,801.4,1,11
2,-1,1.31757E+17,1.31757E+17,781,1,11
2,-1,1.31757E+17,1.31757E+17,800.3,1,11
2,-1,1.31757E+17,1.31757E+17,799.2,1,11
2,-1,1.31757E+17,1.31757E+17,784.6,1,11
2,-1,1.31757E+17,1.31757E+17,803.8,1,11
2,-1,1.31757E+17,1.31757E+17,802.9,1,11
2,-1,1.31757E+17,1.31757E+17,791.2,1,11
2,-1,1.31757E+17,1.31757E+17,793.9,1,11
2,-1,1.31757E+17,1.31757E+17,803.7,1,11
2,-1,1.31757E+17,1.31757E+17,812.7,1,11
2,-1,1.31757E+17,1.31757E+17,802.1,1,11
2,-1,1.31757E+17,1.31757E+17,810.3,1,11
2,-1,1.31757E+17,1.31757E+17,796,1,11
2,-1,1.31757E+17,1.31757E+17,815.1,1,11
2,-1,1.31757E+17,1.31757E+17,816,1,11
2,-1,1.31757E+17,1.31757E+17,812,1,11
2,-1,1.31757E+17,1.31757E+17,808.5,1,11
2,-1,1.31757E+17,1.31757E+17,802.5,1,11
2,-1,1.31757E+17,1.31757E+17,816.2,1,11
2,-1,1.31757E+17,1.31757E+17,818.3,1,11
2,-1,1.31757E+17,1.31757E+17,815,1,11
2,-1,1.31757E+17,1.31757E+17,877.6,1,11
2,-1,1.31757E+17,1.31757E+17,818.5,1,11
2,-1,1.31757E+17,1.31757E+17,844.8,1,11
2,-1,1.31757E+17,1.31757E+17,874.3,1,11
2,-1,1.31757E+17,1.31757E+17,822.1,1,11
2,-1,1.31757E+17,1.31757E+17,825.8,1,11
2,-1,1.31757E+17,1.31757E+17,825.5,1,11
2,-1,1.31757E+17,1.31757E+17,847.1,1,11
2,-1,1.31757E+17,1.31757E+17,839.2,1,11
2,-1,1.31757E+17,1.31757E+17,838.6,1,11
2,-1,1.31757E+17,1.31757E+17,813.5,1,11
2,-1,1.31757E+17,1.31757E+17,834.9,1,11
2,-1,1.31757E+17,1.31757E+17,822.8,1,11
2,-1,1.31757E+17,1.31757E+17,807.8,1,11
2,-1,1.31757E+17,1.31757E+17,816.2,1,11
2,-1,1.31757E+17,1.31757E+17,813.2,1,11
2,-1,1.31757E+17,1.31757E+17,875.1,1,11
2,-1,1.31757E+17,1.31757E+17,851.9,1,11
2,-1,1.31757E+17,1.31757E+17,810.1,1,11
2,-1,1.31757E+17,1.31757E+17,806.9,1,11
2,-1,1.31757E+17,1.31757E+17,818.5,1,11
2,-1,1.31757E+17,1.31757E+17,813.9,1,11
2,-1,1.31757E+17,1.31757E+17,810.8,1,11
2,-1,1.31757E+17,1.31757E+17,814.8,1,11
2,-1,1.31757E+17,1.31757E+17,807.3,1,11
2,-1,1.31757E+17,1.31757E+17,806.1,1,11
2,-1,1.31757E+17,1.31757E+17,797.4,1,11
2,-1,1.31757E+17,1.31757E+17,811.9,1,11
2,-1,1.31757E+17,1.31757E+17,801.4,1,11
2,-1,1.31757E+17,1.31757E+17,805.4,1,11
2,-1,1.31757E+17,1.31757E+17,809.5,1,11
2,-1,1.31757E+17,1.31757E+17,834,1,11
2,-1,1.31757E+17,1.31757E+17,832.3,1,11
2,-1,1.31757E+17,1.31757E+17,807.9,1,11
2,-1,1.31757E+17,1.31757E+17,803.7,1,11
2,-1,1.31757E+17,1.31757E+17,802.7,1,11
2,-1,1.31757E+17,1.31757E+17,816.9,1,11
2,-1,1.31757E+17,1.31757E+17,814.4,1,11
2,-1,1.31757E+17,1.31757E+17,852.6,1,11
2,-1,1.31757E+17,1.31757E+17,860.3,1,11
2,-1,1.31757E+17,1.31757E+17,879,1,11
2,-1,1.31757E+17,1.31757E+17,821.3,1,11
2,-1,1.31757E+17,1.31757E+17,822.6,1,11
2,-1,1.31757E+17,1.31757E+17,806,1,11
2,-1,1.31757E+17,1.31757E+17,824.7,1,11
2,-1,1.31757E+17,1.31757E+17,806.8,1,11
2,-1,1.31757E+17,1.31757E+17,826.3,1,11
2,-1,1.31757E+17,1.31757E+17,872.7,1,11
2,-1,1.31757E+17,1.31757E+17,891.6,1,11
2,-1,1.31757E+17,1.31757E+17,887.9,1,11
2,-1,1.31757E+17,1.31757E+17,882.9,1,11
2,-1,1.31757E+17,1.31757E+17,882.5,1,11
2,-1,1.31757E+17,1.31757E+17,879.7,1,11
2,-1,1.31757E+17,1.31757E+17,869.7,1,11
2,-1,1.31757E+17,1.31757E+17,832.7,1,11
2,-1,1.31757E+17,1.31757E+17,829,1,11
2,-1,1.31757E+17,1.31757E+17,820.8,1,11
2,-1,1.31757E+17,1.31757E+17,809.4,1,11
2,-1,1.31757E+17,1.31757E+17,801,1,11
2,-1,1.31757E+17,1.31757E+17,809.2,1,11
2,-1,1.31757E+17,1.31757E+17,812.3,1,11
2,-1,1.31757E+17,1.31757E+17,809.8,1,11
2,-1,1.31757E+17,1.31757E+17,804.1,1,11
2,-1,1.31757E+17,1.31757E+17,805.8,1,11
2,-1,1.31757E+17,1.31757E+17,813.9,1,11
2,-1,1.31757E+17,1.31757E+17,813.6,1,11
2,-1,1.31757E+17,1.31757E+17,811.2,1,11
2,-1,1.31757E+17,1.31757E+17,810.3,1,11
2,-1,1.31757E+17,1.31757E+17,808.9,1,11
2,-1,1.31757E+17,1.31757E+17,811.4,1,11
2,-1,1.31757E+17,1.31757E+17,831.4,1,11
2,-1,1.31757E+17,1.31757E+17,799.7,1,11
2,-1,1.31757E+17,1.31757E+17,813,1,11
2,-1,1.31757E+17,1.31757E+17,797.3,1,11
2,-1,1.31757E+17,1.31757E+17,804.3,1,11
2,-1,1.31757E+17,1.31757E+17,793.7,1,11
2,-1,1.31757E+17,1.31757E+17,770.7,1,11
2,-1,1.31757E+17,1.31757E+17,769.7,1,11
2,-1,1.31757E+17,1.31757E+17,772.6,1,11
2,-1,1.31757E+17,1.31757E+17,768.3,1,11
2,-1,1.31757E+17,1.31757E+17,772.8,1,11
2,-1,1.31757E+17,1.31757E+17,796,1,11
2,-1,1.31757E+17,1.31757E+17,844.5,1,11
2,-1,1.31757E+17,1.31757E+17,826.8,1,11
2,-1,1.31757E+17,1.31757E+17,876,1,11
2,-1,1.31757E+17,1.31757E+17,866.6,1,11
2,-1,1.31757E+17,1.31757E+17,882.2,1,11
2,-1,1.31757E+17,1.31757E+17,825.8,1,11
2,-1,1.31757E+17,1.31757E+17,812,1,11
2,-1,1.31757E+17,1.31757E+17,883.7,1,11
2,-1,1.31757E+17,1.31757E+17,872.3,1,11
2,-1,1.31757E+17,1.31757E+17,809.2,1,11
2,-1,1.31757E+17,1.31757E+17,793.7,1,11
2,-1,1.31757E+17,1.31757E+17,878.5,1,11
2,-1,1.31757E+17,1.31757E+17,862.5,1,11
2,-1,1.31757E+17,1.31757E+17,882.7,1,11
2,-1,1.31757E+17,1.31757E+17,869.8,1,11
2,-1,1.31757E+17,1.31757E+17,812,1,11
2,-1,1.31757E+17,1.31757E+17,825.3,1,11
2,-1,1.31757E+17,1.31757E+17,814.7,1,11
2,-1,1.31757E+17,1.31757E+17,774.9,1,11
2,-1,1.31757E+17,1.31757E+17,779.2,1,11
2,-1,1.31757E+17,1.31757E+17,809.8,1,11
2,-1,1.31757E+17,1.31757E+17,800.6,1,11
2,-1,1.31757E+17,1.31757E+17,805.3,1,11
2,-1,1.31757E+17,1.31757E+17,826.7,1,11
2,-1,1.31757E+17,1.31757E+17,806.4,1,11
2,-1,1.31757E+17,1.31757E+17,825.1,1,11
2,-1,1.31757E+17,1.31757E+17,808.3,1,11
2,-1,1.31757E+17,1.31757E+17,768.2,1,11
2,-1,1.31757E+17,1.31757E+17,881.8,1,11
2,-1,1.31757E+17,1.31757E+17,867.1,1,11
2,-1,1.31757E+17,1.31757E+17,879.5,1,11
2,-1,1.31757E+17,1.31757E+17,879.1,1,11
2,-1,1.31757E+17,1.31757E+17,883.4,1,11
2,-1,1.31757E+17,1.31757E+17,878.5,1,11
2,-1,1.31757E+17,1.31757E+17,873.7,1,11
2,-1,1.31757E+17,1.31757E+17,886.5,1,11
2,-1,1.31757E+17,1.31757E+17,882.9,1,11
2,-1,1.31757E+17,1.31757E+17,840.6,1,11
2,-1,1.31757E+17,1.31757E+17,829.3,1,11
2,-1,1.31757E+17,1.31757E+17,805,1,11
2,-1,1.31757E+17,1.31757E+17,807,1,11
2,-1,1.31757E+17,1.31757E+17,797.9,1,11
2,-1,1.31757E+17,1.31757E+17,814.6,1,11
2,-1,1.31757E+17,1.31757E+17,806,1,11
2,-1,1.31757E+17,1.31757E+17,812.3,1,11
2,-1,1.31757E+17,1.31757E+17,801.9,1,11
2,-1,1.31757E+17,1.31757E+17,804.1,1,11
2,-1,1.31757E+17,1.31757E+17,811.9,1,11
2,-1,1.31757E+17,1.31757E+17,813.7,1,11
2,-1,1.31757E+17,1.31757E+17,819.2,1,11
2,-1,1.31757E+17,1.31757E+17,851.6,1,11
2,-1,1.31757E+17,1.31757E+17,846.7,1,11
2,-1,1.31757E+17,1.31757E+17,807.8,1,11
2,-1,1.31757E+17,1.31757E+17,872.8,1,11
2,-1,1.31757E+17,1.31757E+17,835.2,1,11
2,-1,1.31757E+17,1.31757E+17,804.5,1,11
2,-1,1.31757E+17,1.31757E+17,794,1,11
2,-1,1.31757E+17,1.31757E+17,803.2,1,11
2,-1,1.31757E+17,1.31757E+17,784.1,1,11
2,-1,1.31757E+17,1.31757E+17,800.8,1,11
2,-1,1.31757E+17,1.31757E+17,822.2,1,11
2,-1,1.31757E+17,1.31757E+17,812.4,1,11
2,-1,1.31757E+17,1.31757E+17,813.9,1,11
2,-1,1.31757E+17,1.31757E+17,807.4,1,11
2,-1,1.31757E+17,1.31757E+17,802.8,1,11
2,-1,1.31757E+17,1.31757E+17,778,1,11
2,-1,1.31757E+17,1.31757E+17,806.1,1,11
2,-1,1.31757E+17,1.31757E+17,804.9,1,11
2,-1,1.31757E+17,1.31757E+17,791.7,1,11
2,-1,1.31757E+17,1.31757E+17,806.4,1,11
2,-1,1.31757E+17,1.31757E+17,801.6,1,11
2,-1,1.31757E+17,1.31757E+17,833.3,1,11
2,-1,1.31757E+17,1.31757E+17,821.8,1,11
2,-1,1.31757E+17,1.31757E+17,811.5,1,11
2,-1,1.31757E+17,1.31757E+17,813.1,1,11
2,-1,1.31757E+17,1.31757E+17,800.9,1,11
2,-1,1.31757E+17,1.31757E+17,801.8,1,11
2,-1,1.31757E+17,1.31757E+17,807.2,1,11
2,-1,1.31757E+17,1.31757E+17,820.2,1,11
2,-1,1.31757E+17,1.31757E+17,813.9,1,11
2,-1,1.31757E+17,1.31757E+17,820.4,1,11
2,-1,1.31757E+17,1.31757E+17,804.2,1,11
2,-1,1.31757E+17,1.31757E+17,830.3,1,11
2,-1,1.31757E+17,1.31757E+17,812.7,1,11
2,-1,1.31757E+17,1.31757E+17,808.1,1,11
2,-1,1.31757E+17,1.31757E+17,827,1,11
2,-1,1.31757E+17,1.31757E+17,844.6,1,11
2,-1,1.31757E+17,1.31757E+17,861.3,1,11
2,-1,1.31757E+17,1.31757E+17,860.3,1,11
2,-1,1.31757E+17,1.31757E+17,824.8,1,11
2,-1,1.31757E+17,1.31757E+17,807.4,1,11
2,-1,1.31757E+17,1.31757E+17,805.6,1,11
2,-1,1.31757E+17,1.31757E+17,805.3,1,11
2,-1,1.31757E+17,1.31757E+17,849.5,1,11
2,-1,1.31757E+17,1.31757E+17,876,1,11
2,-1,1.31757E+17,1.31757E+17,869.6,1,11
2,-1,1.31757E+17,1.31757E+17,855.6,1,11
2,-1,1.31757E+17,1.31757E+17,799.9,1,11
2,-1,1.31757E+17,1.31757E+17,797.6,1,11
2,-1,1.31757E+17,1.31757E+17,882.8,1,11
2,-1,1.31757E+17,1.31757E+17,819.9,1,11
2,-1,1.31757E+17,1.31757E+17,828.3,1,11
2,-1,1.31757E+17,1.31757E+17,821.8,1,11
2,-1,1.31757E+17,1.31757E+17,826.8,1,11
2,-1,1.31757E+17,1.31757E+17,824.2,1,11
2,-1,1.31757E+17,1.31757E+17,819,1,11
2,-1,1.31757E+17,1.31757E+17,819.5,1,11
2,-1,1.31757E+17,1.31757E+17,823.9,1,11
2,-1,1.31757E+17,1.31757E+17,801.2,1,11
2,-1,1.31757E+17,1.31757E+17,792.1,1,11
2,-1,1.31757E+17,1.31757E+17,807.6,1,11
2,-1,1.31757E+17,1.31757E+17,810,1,11
2,-1,1.31757E+17,1.31757E+17,805,1,11
2,-1,1.31757E+17,1.31757E+17,800.8,1,11
2,-1,1.31757E+17,1.31757E+17,835.2,1,11
2,-1,1.31757E+17,1.31757E+17,855.1,1,11
2,-1,1.31757E+17,1.31757E+17,870.7,1,11
2,-1,1.31757E+17,1.31757E+17,879,1,11
2,-1,1.31757E+17,1.31757E+17,871.7,1,11
2,-1,1.31757E+17,1.31757E+17,854.9,1,11
2,-1,1.31757E+17,1.31757E+17,833.9,1,11
2,-1,1.31757E+17,1.31757E+17,823.1,1,11
2,-1,1.31757E+17,1.31757E+17,880.2,1,11
2,-1,1.31757E+17,1.31757E+17,814.4,1,11
2,-1,1.31757E+17,1.31757E+17,815.2,1,11
2,-1,1.31757E+17,1.31757E+17,862.8,1,11
2,-1,1.31757E+17,1.31757E+17,870.7,1,11
2,-1,1.31757E+17,1.31757E+17,870.3,1,11
2,-1,1.31757E+17,1.31757E+17,856.2,1,11
2,-1,1.31757E+17,1.31757E+17,829.5,1,11
2,-1,1.31757E+17,1.31757E+17,818.9,1,11
2,-1,1.31757E+17,1.31757E+17,814.7,1,11
2,-1,1.31757E+17,1.31757E+17,813.5,1,11
2,-1,1.31757E+17,1.31757E+17,813.7,1,11
2,-1,1.31757E+17,1.31757E+17,826.3,1,11
2,-1,1.31757E+17,1.31757E+17,811.1,1,11
2,-1,1.31757E+17,1.31757E+17,819,1,11
2,-1,1.31757E+17,1.31757E+17,822.2,1,11
2,-1,1.31757E+17,1.31757E+17,800.5,1,11
2,-1,1.31757E+17,1.31757E+17,801.1,1,11
2,-1,1.31757E+17,1.31757E+17,799.7,1,11
2,-1,1.31757E+17,1.31757E+17,794.2,1,11
2,-1,1.31757E+17,1.31757E+17,792.2,1,11
2,-1,1.31757E+17,1.31757E+17,797.3,1,11
2,-1,1.31757E+17,1.31757E+17,785.6,1,11
2,-1,1.31757E+17,1.31757E+17,788.3,1,11
2,-1,1.31757E+17,1.31757E+17,786,1,11
2,-1,1.31757E+17,1.31757E+17,769.1,1,11
2,-1,1.31757E+17,1.31757E+17,775,1,11
2,-1,1.31757E+17,1.31757E+17,789.8,1,11
2,-1,1.31757E+17,1.31757E+17,785.4,1,11
2,-1,1.31757E+17,1.31757E+17,791.6,1,11
2,-1,1.31757E+17,1.31757E+17,769.7,1,11
2,-1,1.31757E+17,1.31757E+17,781.4,1,11
2,-1,1.31757E+17,1.31757E+17,800.6,1,11
2,-1,1.31757E+17,1.31757E+17,812,1,11
2,-1,1.31757E+17,1.31757E+17,824.6,1,11
2,-1,1.31757E+17,1.31757E+17,812.2,1,11
2,-1,1.31757E+17,1.31757E+17,804.3,1,11
2,-1,1.31757E+17,1.31757E+17,830.6,1,11
2,-1,1.31757E+17,1.31757E+17,895,1,11
2,-1,1.31757E+17,1.31757E+17,889.7,1,11
2,-1,1.31757E+17,1.31757E+17,895.4,1,11
2,-1,1.31757E+17,1.31757E+17,897.9,1,11
2,-1,1.31757E+17,1.31757E+17,891,1,11
2,-1,1.31757E+17,1.31757E+17,895.2,1,11
2,-1,1.31757E+17,1.31757E+17,777.8,1,11
2,-1,1.31757E+17,1.31757E+17,765.6,1,11
2,-1,1.31757E+17,1.31757E+17,804,1,11
2,-1,1.31757E+17,1.31757E+17,813.5,1,11
2,-1,1.31757E+17,1.31757E+17,813.2,1,11
2,-1,1.31757E+17,1.31757E+17,808.2,1,11
2,-1,1.31757E+17,1.31757E+17,827.2,1,11
2,-1,1.31757E+17,1.31757E+17,824.7,1,11
2,-1,1.31757E+17,1.31757E+17,803.4,1,11
2,-1,1.31757E+17,1.31757E+17,788.1,1,11
2,-1,1.31757E+17,1.31757E+17,822,1,11
2,-1,1.31757E+17,1.31757E+17,824.6,1,11
2,-1,1.31757E+17,1.31757E+17,811.6,1,11
2,-1,1.31757E+17,1.31757E+17,879.3,1,11
2,-1,1.31757E+17,1.31757E+17,883.8,1,11
2,-1,1.31757E+17,1.31757E+17,879.7,1,11
2,-1,1.31757E+17,1.31757E+17,875.5,1,11
2,-1,1.31757E+17,1.31757E+17,883.8,1,11
2,-1,1.31757E+17,1.31757E+17,884.7,1,11
2,-1,1.31757E+17,1.31757E+17,880.7,1,11
2,-1,1.31757E+17,1.31757E+17,875.5,1,11
2,-1,1.31757E+17,1.31757E+17,865.9,1,11
2,-1,1.31757E+17,1.31757E+17,865.4,1,11
2,-1,1.31757E+17,1.31757E+17,882.5,1,11
2,-1,1.31757E+17,1.31757E+17,881.6,1,11
2,-1,1.31757E+17,1.31757E+17,870.8,1,11
2,-1,1.31757E+17,1.31757E+17,871.4,1,11
2,-1,1.31757E+17,1.31757E+17,820.4,1,11
2,-1,1.31757E+17,1.31757E+17,881.1,1,11
2,-1,1.31757E+17,1.31757E+17,864.5,1,11
2,-1,1.31757E+17,1.31757E+17,817.5,1,11
2,-1,1.31757E+17,1.31757E+17,807.1,1,11
2,-1,1.31757E+17,1.31757E+17,799.6,1,11
2,-1,1.31757E+17,1.31757E+17,814,1,11
2,-1,1.31757E+17,1.31757E+17,808.3,1,11
2,-1,1.31757E+17,1.31757E+17,811.8,1,11
2,-1,1.31757E+17,1.31757E+17,809,1,11
2,-1,1.31757E+17,1.31757E+17,865.3,1,11
2,-1,1.31757E+17,1.31757E+17,835.4,1,11
2,-1,1.31757E+17,1.31757E+17,814.9,1,11
2,-1,1.31757E+17,1.31757E+17,806.6,1,11
2,-1,1.31757E+17,1.31757E+17,824.6,1,11
2,-1,1.31757E+17,1.31757E+17,807.7,1,11
2,-1,1.31757E+17,1.31757E+17,798.3,1,11
2,-1,1.31757E+17,1.31757E+17,796.5,1,11
2,-1,1.31757E+17,1.31757E+17,787.8,1,11
2,-1,1.31757E+17,1.31757E+17,792.4,1,11
2,-1,1.31757E+17,1.31757E+17,796.3,1,11
2,-1,1.31757E+17,1.31757E+17,788.6,1,11
2,-1,1.31757E+17,1.31757E+17,777.7,1,11
2,-1,1.31757E+17,1.31757E+17,804.1,1,11
2,-1,1.31757E+17,1.31757E+17,807.5,1,11
2,-1,1.31757E+17,1.31757E+17,803.8,1,11
2,-1,1.31757E+17,1.31757E+17,797.4,1,11
2,-1,1.31757E+17,1.31757E+17,799.6,1,11
2,-1,1.31757E+17,1.31757E+17,808.8,1,11
2,-1,1.31757E+17,1.31757E+17,823.2,1,11
2,-1,1.31757E+17,1.31757E+17,862.6,1,11
2,-1,1.31757E+17,1.31757E+17,829.3,1,11
2,-1,1.31757E+17,1.31757E+17,820,1,11
2,-1,1.31757E+17,1.31757E+17,823.8,1,11
2,-1,1.31757E+17,1.31757E+17,807.8,1,11
2,-1,1.31757E+17,1.31757E+17,805.8,1,11
2,-1,1.31757E+17,1.31757E+17,804.3,1,11
2,-1,1.31757E+17,1.31757E+17,823.4,1,11
2,-1,1.31757E+17,1.31757E+17,815.5,1,11
2,-1,1.31757E+17,1.31757E+17,814.8,1,11
2,-1,1.31757E+17,1.31757E+17,874.5,1,11
2,-1,1.31757E+17,1.31757E+17,876.9,1,11
2,-1,1.31757E+17,1.31757E+17,875.5,1,11
2,-1,1.31757E+17,1.31757E+17,874.7,1,11
2,-1,1.31757E+17,1.31757E+17,878.1,1,11
2,-1,1.31757E+17,1.31757E+17,827.8,1,11
2,-1,1.31757E+17,1.31757E+17,820.4,1,11
2,-1,1.31757E+17,1.31757E+17,822.6,1,11
2,-1,1.31757E+17,1.31757E+17,839.9,1,11
2,-1,1.31757E+17,1.31757E+17,830.7,1,11
2,-1,1.31757E+17,1.31757E+17,809.2,1,11
2,-1,1.31757E+17,1.31757E+17,805.7,1,11
2,-1,1.31757E+17,1.31757E+17,872.3,1,11
2,-1,1.31757E+17,1.31757E+17,816.7,1,11
2,-1,1.31757E+17,1.31757E+17,879,1,11
2,-1,1.31757E+17,1.31757E+17,844.7,1,11
2,-1,1.31757E+17,1.31757E+17,816.5,1,11
2,-1,1.31757E+17,1.31757E+17,807.8,1,11
2,-1,1.31757E+17,1.31757E+17,820.6,1,11
2,-1,1.31757E+17,1.31757E+17,827.5,1,11
2,-1,1.31757E+17,1.31757E+17,803,1,11
2,-1,1.31757E+17,1.31757E+17,796.9,1,11
2,-1,1.31757E+17,1.31757E+17,776.5,1,11
2,-1,1.31757E+17,1.31757E+17,881.3,1,11
2,-1,1.31757E+17,1.31757E+17,805.8,1,11
2,-1,1.31757E+17,1.31757E+17,813.7,1,11
2,-1,1.31757E+17,1.31757E+17,809.1,1,11
2,-1,1.31757E+17,1.31757E+17,803.2,1,11
2,-1,1.31757E+17,1.31757E+17,803.7,1,11
2,-1,1.31757E+17,1.31757E+17,795.3,1,11
2,-1,1.31757E+17,1.31757E+17,801.1,1,11
2,-1,1.31757E+17,1.31757E+17,821.1,1,11
2,-1,1.31757E+17,1.31757E+17,801.5,1,11
2,-1,1.31757E+17,1.31757E+17,819.8,1,11
2,-1,1.31757E+17,1.31757E+17,807.2,1,11
2,-1,1.31757E+17,1.31757E+17,795.9,1,11
2,-1,1.31757E+17,1.31757E+17,789.5,1,11
2,-1,1.31757E+17,1.31757E+17,799.2,1,11
2,-1,1.31757E+17,1.31757E+17,804.9,1,11
2,-1,1.31757E+17,1.31757E+17,881.8,1,11
2,-1,1.31757E+17,1.31757E+17,809.7,1,11
2,-1,1.31757E+17,1.31757E+17,893.8,1,11
2,-1,1.31757E+17,1.31757E+17,873.8,1,11
2,-1,1.31757E+17,1.31757E+17,884.2,1,11
2,-1,1.31757E+17,1.31757E+17,877.4,1,11
2,-1,1.31757E+17,1.31757E+17,884.1,1,11
2,-1,1.31757E+17,1.31757E+17,869.8,1,11
2,-1,1.31757E+17,1.31757E+17,834.8,1,11
2,-1,1.31757E+17,1.31757E+17,834.7,1,11
2,-1,1.31757E+17,1.31757E+17,870.3,1,11
2,-1,1.31757E+17,1.31757E+17,820.3,1,11
2,-1,1.31757E+17,1.31757E+17,861.5,1,11
2,-1,1.31757E+17,1.31757E+17,875.9,1,11
2,-1,1.31757E+17,1.31757E+17,877.5,1,11
2,-1,1.31757E+17,1.31757E+17,875.6,1,11
2,-1,1.31757E+17,1.31757E+17,872.5,1,11
2,-1,1.31757E+17,1.31757E+17,842,1,11
2,-1,1.31757E+17,1.31757E+17,882,1,11
2,-1,1.31757E+17,1.31757E+17,875.3,1,11
2,-1,1.31757E+17,1.31757E+17,885.5,1,11
2,-1,1.31757E+17,1.31757E+17,826.6,1,11
2,-1,1.31757E+17,1.31757E+17,813.9,1,11
2,-1,1.31757E+17,1.31757E+17,811.7,1,11
2,-1,1.31757E+17,1.31757E+17,812.3,1,11
2,-1,1.31757E+17,1.31757E+17,810.6,1,11
2,-1,1.31757E+17,1.31757E+17,808.3,1,11
2,-1,1.31757E+17,1.31757E+17,807.1,1,11
2,-1,1.31757E+17,1.31757E+17,806.7,1,11
2,-1,1.31757E+17,1.31757E+17,822.8,1,11
2,-1,1.31757E+17,1.31757E+17,808.9,1,11
2,-1,1.31757E+17,1.31757E+17,807.4,1,11
2,-1,1.31757E+17,1.31757E+17,802.1,1,11
2,-1,1.31757E+17,1.31757E+17,804.9,1,11
2,-1,1.31757E+17,1.31757E+17,794.8,1,11
2,-1,1.31757E+17,1.31757E+17,802.7,1,11
2,-1,1.31757E+17,1.31757E+17,794.8,1,11
2,-1,1.31757E+17,1.31757E+17,807.5,1,11
2,-1,1.31757E+17,1.31757E+17,772.7,1,11
2,-1,1.31757E+17,1.31757E+17,785.5,1,11
2,-1,1.31757E+17,1.31757E+17,770.5,1,11
2,-1,1.31757E+17,1.31757E+17,772.2,1,11
2,-1,1.31757E+17,1.31757E+17,755.5,1,11
2,-1,1.31757E+17,1.31757E+17,754.8,1,11
2,-1,1.31757E+17,1.31757E+17,763,1,11
2,-1,1.31757E+17,1.31757E+17,780.8,1,11
2,-1,1.31757E+17,1.31757E+17,809.5,1,11
2,-1,1.31757E+17,1.31757E+17,844,1,11
2,-1,1.31757E+17,1.31757E+17,851.2,1,11
2,-1,1.31757E+17,1.31757E+17,813.3,1,11
2,-1,1.31757E+17,1.31757E+17,885.2,1,11
2,-1,1.31757E+17,1.31757E+17,842.8,1,11
2,-1,1.31757E+17,1.31757E+17,805.4,1,11
2,-1,1.31757E+17,1.31757E+17,818.7,1,11
2,-1,1.31757E+17,1.31757E+17,812.8,1,11
2,-1,1.31757E+17,1.31757E+17,803.9,1,11
2,-1,1.31757E+17,1.31757E+17,793.4,1,11
2,-1,1.31757E+17,1.31757E+17,783.3,1,11
2,-1,1.31757E+17,1.31757E+17,804.6,1,11
2,-1,1.31757E+17,1.31757E+17,811.3,1,11
2,-1,1.31757E+17,1.31757E+17,815.9,1,11
2,-1,1.31757E+17,1.31757E+17,802.4,1,11
2,-1,1.31757E+17,1.31757E+17,814.8,1,11
2,-1,1.31757E+17,1.31757E+17,807.2,1,11
2,-1,1.31757E+17,1.31757E+17,792.2,1,11
2,-1,1.31757E+17,1.31757E+17,779.3,1,11
2,-1,1.31757E+17,1.31757E+17,824.7,1,11
2,-1,1.31757E+17,1.31757E+17,832.7,1,11
2,-1,1.31757E+17,1.31757E+17,800.7,1,11
2,-1,1.31757E+17,1.31757E+17,850.3,1,11
2,-1,1.31757E+17,1.31757E+17,820.8,1,11
2,-1,1.31757E+17,1.31757E+17,820.9,1,11
2,-1,1.31757E+17,1.31757E+17,799,1,11
2,-1,1.31757E+17,1.31757E+17,775.1,1,11
2,-1,1.31757E+17,1.31757E+17,870.8,1,11
2,-1,1.31757E+17,1.31757E+17,866.9,1,11
2,-1,1.31757E+17,1.31757E+17,865.2,1,11
2,-1,1.31757E+17,1.31757E+17,885.2,1,11
2,-1,1.31757E+17,1.31757E+17,884,1,11
2,-1,1.31757E+17,1.31757E+17,878.9,1,11
2,-1,1.31757E+17,1.31757E+17,878.1,1,11
2,-1,1.31757E+17,1.31757E+17,876.5,1,11
2,-1,1.31757E+17,1.31757E+17,893,1,11
2,-1,1.31757E+17,1.31757E+17,885.7,1,11
2,-1,1.31757E+17,1.31757E+17,882.7,1,11
2,-1,1.31757E+17,1.31757E+17,883.9,1,11
2,-1,1.31757E+17,1.31757E+17,877.9,1,11
2,-1,1.31757E+17,1.31757E+17,870.2,1,11
2,-1,1.31757E+17,1.31757E+17,870.9,1,11
2,-1,1.31757E+17,1.31757E+17,828.5,1,11
2,-1,1.31757E+17,1.31757E+17,813.8,1,11
2,-1,1.31757E+17,1.31757E+17,819.4,1,11
2,-1,1.31757E+17,1.31757E+17,830.7,1,11
2,-1,1.31757E+17,1.31757E+17,812.1,1,11
2,-1,1.31757E+17,1.31757E+17,808.4,1,11
2,-1,1.31757E+17,1.31757E+17,801.7,1,11
2,-1,1.31757E+17,1.31757E+17,807.7,1,11
2,-1,1.31757E+17,1.31757E+17,816.7,1,11
2,-1,1.31757E+17,1.31757E+17,794.9,1,11
2,-1,1.31757E+17,1.31757E+17,806.2,1,11
2,-1,1.31757E+17,1.31757E+17,803.8,1,11
2,-1,1.31757E+17,1.31757E+17,794.9,1,11
2,-1,1.31757E+17,1.31757E+17,798.7,1,11
2,-1,1.31757E+17,1.31757E+17,784.6,1,11
2,-1,1.31757E+17,1.31757E+17,785.9,1,11
2,-1,1.31757E+17,1.31757E+17,781.3,1,11
2,-1,1.31757E+17,1.31757E+17,794.1,1,11
2,-1,1.31757E+17,1.31757E+17,827.3,1,11
2,-1,1.31757E+17,1.31757E+17,805,1,11
2,-1,1.31757E+17,1.31757E+17,820.5,1,11
2,-1,1.31757E+17,1.31757E+17,803.9,1,11
2,-1,1.31757E+17,1.31757E+17,790,1,11
2,-1,1.31757E+17,1.31757E+17,795,1,11
2,-1,1.31757E+17,1.31757E+17,821.8,1,11
2,-1,1.31757E+17,1.31757E+17,786.1,1,11
2,-1,1.31757E+17,1.31757E+17,816.8,1,11
2,-1,1.31757E+17,1.31757E+17,805.9,1,11
2,-1,1.31757E+17,1.31757E+17,812.9,1,11
2,-1,1.31757E+17,1.31757E+17,822,1,11
2,-1,1.31757E+17,1.31757E+17,814.6,1,11
2,-1,1.31757E+17,1.31757E+17,825.7,1,11
2,-1,1.31757E+17,1.31757E+17,812,1,11
2,-1,1.31757E+17,1.31757E+17,806.5,1,11
2,-1,1.31757E+17,1.31757E+17,817.3,1,11
2,-1,1.31757E+17,1.31757E+17,815.4,1,11
2,-1,1.31757E+17,1.31757E+17,830.2,1,11
2,-1,1.31757E+17,1.31757E+17,825.7,1,11
2,-1,1.31757E+17,1.31757E+17,811,1,11
2,-1,1.31757E+17,1.31757E+17,823.5,1,11
2,-1,1.31757E+17,1.31757E+17,811.4,1,11
2,-1,1.31757E+17,1.31757E+17,815,1,11
2,-1,1.31757E+17,1.31757E+17,849.6,1,11
2,-1,1.31757E+17,1.31757E+17,840.8,1,11
2,-1,1.31757E+17,1.31757E+17,809,1,11
2,-1,1.31757E+17,1.31757E+17,828.2,1,11
2,-1,1.31757E+17,1.31757E+17,879.5,1,11
2,-1,1.31757E+17,1.31757E+17,879.6,1,11
2,-1,1.31757E+17,1.31757E+17,876.8,1,11
2,-1,1.31757E+17,1.31757E+17,867.3,1,11
2,-1,1.31757E+17,1.31757E+17,805.3,1,11
2,-1,1.31757E+17,1.31757E+17,802.1,1,11
2,-1,1.31757E+17,1.31757E+17,805.5,1,11
2,-1,1.31757E+17,1.31757E+17,837,1,11
2,-1,1.31757E+17,1.31757E+17,842.6,1,11
2,-1,1.31757E+17,1.31757E+17,817.2,1,11
2,-1,1.31757E+17,1.31757E+17,804.1,1,11
2,-1,1.31757E+17,1.31757E+17,805.1,1,11
2,-1,1.31757E+17,1.31757E+17,804.3,1,11
2,-1,1.31757E+17,1.31757E+17,812.9,1,11
2,-1,1.31757E+17,1.31757E+17,798.1,1,11
2,-1,1.31757E+17,1.31757E+17,811.9,1,11
2,-1,1.31757E+17,1.31757E+17,821,1,11
2,-1,1.31757E+17,1.31757E+17,813.2,1,11
2,-1,1.31757E+17,1.31757E+17,814.4,1,11
2,-1,1.31757E+17,1.31757E+17,803.6,1,11
2,-1,1.31757E+17,1.31757E+17,800,1,11
2,-1,1.31757E+17,1.31757E+17,840.3,1,11
2,-1,1.31757E+17,1.31757E+17,808.9,1,11
2,-1,1.31757E+17,1.31757E+17,792.6,1,11
2,-1,1.31757E+17,1.31757E+17,788.1,1,11
2,-1,1.31757E+17,1.31757E+17,809,1,11
2,-1,1.31757E+17,1.31757E+17,790.5,1,11
2,-1,1.31757E+17,1.31757E+17,802.4,1,11
2,-1,1.31757E+17,1.31757E+17,800.5,1,11
2,-1,1.31757E+17,1.31757E+17,815,1,11
2,-1,1.31757E+17,1.31757E+17,822.5,1,11
2,-1,1.31757E+17,1.31757E+17,810.7,1,11
2,-1,1.31757E+17,1.31757E+17,895.9,1,11
2,-1,1.31757E+17,1.31757E+17,887.4,1,11
2,-1,1.31757E+17,1.31757E+17,862.9,1,11
2,-1,1.31757E+17,1.31757E+17,880.1,1,11
2,-1,1.31757E+17,1.31757E+17,887.5,1,11
2,-1,1.31757E+17,1.31757E+17,880.5,1,11
2,-1,1.31757E+17,1.31757E+17,867.6,1,11
2,-1,1.31757E+17,1.31757E+17,869,1,11
2,-1,1.31757E+17,1.31757E+17,870.1,1,11
2,-1,1.31757E+17,1.31757E+17,864.3,1,11
2,-1,1.31757E+17,1.31757E+17,879.3,1,11
2,-1,1.31757E+17,1.31757E+17,888.6,1,11
2,-1,1.31757E+17,1.31757E+17,886,1,11
2,-1,1.31757E+17,1.31757E+17,876.5,1,11
2,-1,1.31757E+17,1.31757E+17,821.3,1,11
2,-1,1.31757E+17,1.31757E+17,817.2,1,11
2,-1,1.31757E+17,1.31757E+17,808.8,1,11
2,-1,1.31757E+17,1.31757E+17,810.8,1,11
2,-1,1.31757E+17,1.31757E+17,811.3,1,11
2,-1,1.31757E+17,1.31757E+17,813.5,1,11
2,-1,1.31757E+17,1.31757E+17,808,1,11
2,-1,1.31757E+17,1.31757E+17,805,1,11
2,-1,1.31757E+17,1.31757E+17,803,1,11
2,-1,1.31757E+17,1.31757E+17,801.1,1,11
2,-1,1.31757E+17,1.31757E+17,820.5,1,11
2,-1,1.31757E+17,1.31757E+17,811.4,1,11
2,-1,1.31757E+17,1.31757E+17,812,1,11
2,-1,1.31757E+17,1.31757E+17,801.8,1,11
2,-1,1.31757E+17,1.31757E+17,805,1,11
2,-1,1.31757E+17,1.31757E+17,798.1,1,11
2,-1,1.31757E+17,1.31757E+17,803.5,1,11
2,-1,1.31757E+17,1.31757E+17,806.2,1,11
2,-1,1.31757E+17,1.31757E+17,791.6,1,11
2,-1,1.31757E+17,1.31757E+17,783,1,11
2,-1,1.31757E+17,1.31757E+17,770.3,1,11
2,-1,1.31757E+17,1.31757E+17,766.7,1,11
2,-1,1.31757E+17,1.31757E+17,763,1,11
2,-1,1.31757E+17,1.31757E+17,767.1,1,11
2,-1,1.31757E+17,1.31757E+17,765.2,1,11
2,-1,1.31757E+17,1.31757E+17,776.7,1,11
2,-1,1.31757E+17,1.31757E+17,803.3,1,11
2,-1,1.31757E+17,1.31757E+17,822.6,1,11
2,-1,1.31757E+17,1.31757E+17,852.7,1,11
2,-1,1.31757E+17,1.31757E+17,880.4,1,11
2,-1,1.31757E+17,1.31757E+17,887.9,1,11
2,-1,1.31757E+17,1.31757E+17,873.7,1,11
2,-1,1.31757E+17,1.31757E+17,799.9,1,11
2,-1,1.31757E+17,1.31757E+17,771,1,11
2,-1,1.31757E+17,1.31757E+17,807.2,1,11
2,-1,1.31757E+17,1.31757E+17,815.9,1,11
2,-1,1.31757E+17,1.31757E+17,806.4,1,11
2,-1,1.31757E+17,1.31757E+17,803.5,1,11
2,-1,1.31757E+17,1.31757E+17,816.8,1,11
2,-1,1.31757E+17,1.31757E+17,808,1,11
2,-1,1.31757E+17,1.31757E+17,796.3,1,11
2,-1,1.31757E+17,1.31757E+17,763.6,1,11
2,-1,1.31757E+17,1.31757E+17,778,1,11
2,-1,1.31757E+17,1.31757E+17,814.3,1,11
2,-1,1.31757E+17,1.31757E+17,811,1,11
2,-1,1.31757E+17,1.31757E+17,865,1,11
2,-1,1.31757E+17,1.31757E+17,831.3,1,11
2,-1,1.31757E+17,1.31757E+17,862.6,1,11
2,-1,1.31757E+17,1.31757E+17,825,1,11
2,-1,1.31757E+17,1.31757E+17,794.4,1,11
2,-1,1.31757E+17,1.31757E+17,774.3,1,11
2,-1,1.31757E+17,1.31757E+17,815.5,1,11
2,-1,1.31757E+17,1.31757E+17,820.3,1,11
2,-1,1.31757E+17,1.31757E+17,863.9,1,11
2,-1,1.31757E+17,1.31757E+17,864.5,1,11
2,-1,1.31757E+17,1.31757E+17,887.5,1,11
2,-1,1.31757E+17,1.31757E+17,884.3,1,11
2,-1,1.31757E+17,1.31757E+17,882.5,1,11
2,-1,1.31757E+17,1.31757E+17,891.4,1,11
2,-1,1.31757E+17,1.31757E+17,891.3,1,11
2,-1,1.31757E+17,1.31757E+17,890.8,1,11
2,-1,1.31757E+17,1.31757E+17,885.3,1,11
2,-1,1.31757E+17,1.31757E+17,890.9,1,11
2,-1,1.31757E+17,1.31757E+17,888.1,1,11
2,-1,1.31757E+17,1.31757E+17,814.9,1,11
2,-1,1.31757E+17,1.31757E+17,809,1,11
2,-1,1.31757E+17,1.31757E+17,860.4,1,11
2,-1,1.31757E+17,1.31757E+17,854.2,1,11
2,-1,1.31757E+17,1.31757E+17,832.2,1,11
2,-1,1.31757E+17,1.31757E+17,817.7,1,11
2,-1,1.31757E+17,1.31757E+17,799.3,1,11
2,-1,1.31757E+17,1.31757E+17,806.8,1,11
2,-1,1.31757E+17,1.31757E+17,820.8,1,11
2,-1,1.31757E+17,1.31757E+17,800.1,1,11
2,-1,1.31757E+17,1.31757E+17,802.7,1,11
2,-1,1.31757E+17,1.31757E+17,818.4,1,11
2,-1,1.31757E+17,1.31757E+17,819.6,1,11
2,-1,1.31757E+17,1.31757E+17,800.3,1,11
2,-1,1.31757E+17,1.31757E+17,864.4,1,11
2,-1,1.31757E+17,1.31757E+17,863.1,1,11
2,-1,1.31757E+17,1.31757E+17,822.6,1,11
2,-1,1.31757E+17,1.31757E+17,799.1,1,11
2,-1,1.31757E+17,1.31757E+17,802.8,1,11
2,-1,1.31757E+17,1.31757E+17,786.4,1,11
2,-1,1.31757E+17,1.31757E+17,797,1,11
2,-1,1.31757E+17,1.31757E+17,786.4,1,11
2,-1,1.31757E+17,1.31757E+17,794.9,1,11
2,-1,1.31757E+17,1.31757E+17,776.4,1,11
2,-1,1.31757E+17,1.31757E+17,773,1,11
2,-1,1.31757E+17,1.31757E+17,869.1,1,11
2,-1,1.31757E+17,1.31757E+17,860.8,1,11
2,-1,1.31757E+17,1.31757E+17,887.1,1,11
2,-1,1.31757E+17,1.31757E+17,838.8,1,11
2,-1,1.31757E+17,1.31757E+17,889.8,1,11
2,-1,1.31757E+17,1.31757E+17,867.9,1,11
2,-1,1.31757E+17,1.31757E+17,810.5,1,11
2,-1,1.31757E+17,1.31757E+17,802.1,1,11
2,-1,1.31757E+17,1.31757E+17,806.6,1,11
2,-1,1.31757E+17,1.31757E+17,816.8,1,11
2,-1,1.31757E+17,1.31757E+17,807.1,1,11
2,-1,1.31757E+17,1.31757E+17,802.7,1,11
2,-1,1.31757E+17,1.31757E+17,801,1,11
2,-1,1.31757E+17,1.31757E+17,801.7,1,11
2,-1,1.31757E+17,1.31757E+17,804,1,11
2,-1,1.31757E+17,1.31757E+17,794.2,1,11
2,-1,1.31757E+17,1.31757E+17,817.6,1,11
2,-1,1.31757E+17,1.31757E+17,824.9,1,11
2,-1,1.31757E+17,1.31757E+17,865,1,11
2,-1,1.31757E+17,1.31757E+17,848.9,1,11
2,-1,1.31757E+17,1.31757E+17,823.7,1,11
2,-1,1.31757E+17,1.31757E+17,812.4,1,11
2,-1,1.31757E+17,1.31757E+17,820.2,1,11
2,-1,1.31757E+17,1.31757E+17,872.8,1,11
2,-1,1.31757E+17,1.31757E+17,877.8,1,11
2,-1,1.31757E+17,1.31757E+17,874.7,1,11
2,-1,1.31757E+17,1.31757E+17,883.5,1,11
2,-1,1.31757E+17,1.31757E+17,819.3,1,11
2,-1,1.31757E+17,1.31757E+17,808,1,11
2,-1,1.31757E+17,1.31757E+17,828.4,1,11
2,-1,1.31757E+17,1.31757E+17,886.3,1,11
2,-1,1.31757E+17,1.31757E+17,878.1,1,11
2,-1,1.31757E+17,1.31757E+17,875.9,1,11
2,-1,1.31757E+17,1.31757E+17,803.3,1,11
2,-1,1.31757E+17,1.31757E+17,801.7,1,11
2,-1,1.31757E+17,1.31757E+17,811.3,1,11
2,-1,1.31757E+17,1.31757E+17,805.4,1,11
2,-1,1.31757E+17,1.31757E+17,792.7,1,11
2,-1,1.31757E+17,1.31757E+17,796.1,1,11
2,-1,1.31757E+17,1.31757E+17,821.4,1,11
2,-1,1.31757E+17,1.31757E+17,809.7,1,11
2,-1,1.31757E+17,1.31757E+17,791.5,1,11
2,-1,1.31757E+17,1.31757E+17,793.9,1,11
2,-1,1.31757E+17,1.31757E+17,793.1,1,11
2,-1,1.31757E+17,1.31757E+17,798.3,1,11
2,-1,1.31757E+17,1.31757E+17,862.4,1,11
2,-1,1.31757E+17,1.31757E+17,874,1,11
2,-1,1.31757E+17,1.31757E+17,882.4,1,11
2,-1,1.31757E+17,1.31757E+17,854,1,11
2,-1,1.31757E+17,1.31757E+17,888.1,1,11
2,-1,1.31757E+17,1.31757E+17,847.8,1,11
2,-1,1.31757E+17,1.31757E+17,812.2,1,11
2,-1,1.31757E+17,1.31757E+17,794.7,1,11
2,-1,1.31757E+17,1.31757E+17,807.8,1,11
2,-1,1.31757E+17,1.31757E+17,798.4,1,11
2,-1,1.31757E+17,1.31757E+17,798.5,1,11
2,-1,1.31757E+17,1.31757E+17,820,1,11
2,-1,1.31757E+17,1.31757E+17,802.5,1,11
2,-1,1.31757E+17,1.31757E+17,805.9,1,11
2,-1,1.31757E+17,1.31757E+17,865.4,1,11
2,-1,1.31757E+17,1.31757E+17,864.1,1,11
2,-1,1.31757E+17,1.31757E+17,844.9,1,11
2,-1,1.31757E+17,1.31757E+17,865,1,11
2,-1,1.31757E+17,1.31757E+17,853.1,1,11
2,-1,1.31757E+17,1.31757E+17,884.2,1,11
2,-1,1.31757E+17,1.31757E+17,879.3,1,11
2,-1,1.31757E+17,1.31757E+17,879.8,1,11
2,-1,1.31757E+17,1.31757E+17,886.5,1,11
2,-1,1.31757E+17,1.31757E+17,857.8,1,11
2,-1,1.31757E+17,1.31757E+17,850.2,1,11
2,-1,1.31757E+17,1.31757E+17,811.7,1,11
2,-1,1.31757E+17,1.31757E+17,806.8,1,11
2,-1,1.31757E+17,1.31757E+17,805.5,1,11
2,-1,1.31757E+17,1.31757E+17,807.2,1,11
2,-1,1.31757E+17,1.31757E+17,812.4,1,11
2,-1,1.31757E+17,1.31757E+17,806.9,1,11
2,-1,1.31757E+17,1.31757E+17,803.1,1,11
2,-1,1.31757E+17,1.31757E+17,803.1,1,11
2,-1,1.31757E+17,1.31757E+17,807.8,1,11
2,-1,1.31757E+17,1.31757E+17,808.2,1,11
2,-1,1.31757E+17,1.31757E+17,815.2,1,11
2,-1,1.31757E+17,1.31757E+17,813.9,1,11
2,-1,1.31757E+17,1.31757E+17,816.4,1,11
2,-1,1.31757E+17,1.31757E+17,864.6,1,11
2,-1,1.31757E+17,1.31757E+17,807.9,1,11
2,-1,1.31757E+17,1.31757E+17,799.9,1,11
2,-1,1.31757E+17,1.31757E+17,795.1,1,11
2,-1,1.31757E+17,1.31757E+17,781.9,1,11
2,-1,1.31757E+17,1.31757E+17,790.6,1,11
2,-1,1.31757E+17,1.31757E+17,771.7,1,11
2,-1,1.31757E+17,1.31757E+17,766.7,1,11
2,-1,1.31757E+17,1.31757E+17,759.4,1,11
2,-1,1.31757E+17,1.31757E+17,773.7,1,11
2,-1,1.31757E+17,1.31757E+17,813.4,1,11
2,-1,1.31757E+17,1.31757E+17,811,1,11
2,-1,1.31757E+17,1.31757E+17,821.5,1,11
2,-1,1.31757E+17,1.31757E+17,810.3,1,11
2,-1,1.31757E+17,1.31757E+17,821,1,11
2,-1,1.31757E+17,1.31757E+17,806.2,1,11
2,-1,1.31757E+17,1.31757E+17,814.2,1,11
2,-1,1.31757E+17,1.31757E+17,884.6,1,11
2,-1,1.31757E+17,1.31757E+17,893.1,1,11
2,-1,1.31757E+17,1.31757E+17,844.9,1,11
2,-1,1.31757E+17,1.31757E+17,789.6,1,11
2,-1,1.31757E+17,1.31757E+17,793.6,1,11
2,-1,1.31757E+17,1.31757E+17,821.4,1,11
2,-1,1.31757E+17,1.31757E+17,825,1,11
2,-1,1.31757E+17,1.31757E+17,890.3,1,11
2,-1,1.31757E+17,1.31757E+17,799.8,1,11
2,-1,1.31757E+17,1.31757E+17,804.8,1,11
2,-1,1.31757E+17,1.31757E+17,880.2,1,11
2,-1,1.31757E+17,1.31757E+17,798,1,11
2,-1,1.31757E+17,1.31757E+17,785,1,11
2,-1,1.31757E+17,1.31757E+17,822,1,11
2,-1,1.31757E+17,1.31757E+17,817.8,1,11
2,-1,1.31757E+17,1.31757E+17,803.3,1,11
2,-1,1.31757E+17,1.31757E+17,812,1,11
2,-1,1.31757E+17,1.31757E+17,794.2,1,11
2,-1,1.31757E+17,1.31757E+17,800.7,1,11
2,-1,1.31757E+17,1.31757E+17,792.9,1,11
2,-1,1.31757E+17,1.31757E+17,789.5,1,11
2,-1,1.31757E+17,1.31757E+17,799.3,1,11
2,-1,1.31757E+17,1.31757E+17,882.8,1,11
2,-1,1.31757E+17,1.31757E+17,872.7,1,11
2,-1,1.31757E+17,1.31757E+17,889.7,1,11
2,-1,1.31757E+17,1.31757E+17,887.3,1,11
2,-1,1.31757E+17,1.31757E+17,877.2,1,11
2,-1,1.31757E+17,1.31757E+17,864.2,1,11
2,-1,1.31757E+17,1.31757E+17,855.5,1,11
2,-1,1.31757E+17,1.31757E+17,856,1,11
2,-1,1.31757E+17,1.31757E+17,891.3,1,11
2,-1,1.31757E+17,1.31757E+17,893.4,1,11
2,-1,1.31757E+17,1.31757E+17,886.1,1,11
2,-1,1.31757E+17,1.31757E+17,884.6,1,11
2,-1,1.31757E+17,1.31757E+17,879.7,1,11
2,-1,1.31757E+17,1.31757E+17,868.4,1,11
2,-1,1.31757E+17,1.31757E+17,862.9,1,11
2,-1,1.31757E+17,1.31757E+17,810,1,11
2,-1,1.31757E+17,1.31757E+17,804.9,1,11
2,-1,1.31757E+17,1.31757E+17,812.3,1,11
2,-1,1.31757E+17,1.31757E+17,819.8,1,11
2,-1,1.31757E+17,1.31757E+17,804.5,1,11
2,-1,1.31757E+17,1.31757E+17,805.4,1,11
2,-1,1.31757E+17,1.31757E+17,804.7,1,11
2,-1,1.31757E+17,1.31757E+17,800.2,1,11
2,-1,1.31757E+17,1.31757E+17,805.1,1,11
2,-1,1.31757E+17,1.31757E+17,818.8,1,11
2,-1,1.31757E+17,1.31757E+17,811.7,1,11
2,-1,1.31757E+17,1.31757E+17,821.7,1,11
2,-1,1.31757E+17,1.31757E+17,831,1,11
2,-1,1.31757E+17,1.31757E+17,805.4,1,11
2,-1,1.31757E+17,1.31757E+17,801.8,1,11
2,-1,1.31757E+17,1.31757E+17,802.5,1,11
2,-1,1.31757E+17,1.31757E+17,796.5,1,11
2,-1,1.31757E+17,1.31757E+17,780.5,1,11
2,-1,1.31757E+17,1.31757E+17,786.8,1,11
2,-1,1.31757E+17,1.31757E+17,794.8,1,11
2,-1,1.31757E+17,1.31757E+17,795.9,1,11
2,-1,1.31757E+17,1.31757E+17,794.3,1,11
2,-1,1.31757E+17,1.31757E+17,803.6,1,11
2,-1,1.31757E+17,1.31757E+17,802.8,1,11
2,-1,1.31757E+17,1.31757E+17,804.7,1,11
2,-1,1.31757E+17,1.31757E+17,801.3,1,11
2,-1,1.31757E+17,1.31757E+17,805.3,1,11
2,-1,1.31757E+17,1.31757E+17,804.8,1,11
2,-1,1.31757E+17,1.31757E+17,810.4,1,11
2,-1,1.31757E+17,1.31757E+17,811.8,1,11
2,-1,1.31757E+17,1.31757E+17,805.4,1,11
2,-1,1.31757E+17,1.31757E+17,803.5,1,11
2,-1,1.31757E+17,1.31757E+17,797.5,1,11
2,-1,1.31757E+17,1.31757E+17,819.9,1,11
2,-1,1.31757E+17,1.31757E+17,797.5,1,11
2,-1,1.31757E+17,1.31757E+17,793.7,1,11
2,-1,1.31757E+17,1.31757E+17,809,1,11
2,-1,1.31757E+17,1.31757E+17,808.6,1,11
2,-1,1.31757E+17,1.31757E+17,844,1,11
2,-1,1.31757E+17,1.31757E+17,834.8,1,11
2,-1,1.31757E+17,1.31757E+17,814.3,1,11
2,-1,1.31757E+17,1.31757E+17,813.7,1,11
2,-1,1.31757E+17,1.31757E+17,840.2,1,11
2,-1,1.31757E+17,1.31757E+17,803,1,11
2,-1,1.31757E+17,1.31757E+17,821.8,1,11
2,-1,1.31757E+17,1.31757E+17,818.9,1,11
2,-1,1.31757E+17,1.31757E+17,810,1,11
2,-1,1.31757E+17,1.31757E+17,820.3,1,11
2,-1,1.31757E+17,1.31757E+17,829.6,1,11
2,-1,1.31757E+17,1.31757E+17,883,1,11
2,-1,1.31757E+17,1.31757E+17,868.2,1,11
2,-1,1.31757E+17,1.31757E+17,810.8,1,11
2,-1,1.31757E+17,1.31757E+17,809.8,1,11
2,-1,1.31757E+17,1.31757E+17,799.2,1,11
2,-1,1.31757E+17,1.31757E+17,808.2,1,11
2,-1,1.31757E+17,1.31757E+17,810.4,1,11
2,-1,1.31757E+17,1.31757E+17,874.3,1,11
2,-1,1.31757E+17,1.31757E+17,872.4,1,11
2,-1,1.31757E+17,1.31757E+17,879,1,11
2,-1,1.31757E+17,1.31757E+17,803,1,11
2,-1,1.31757E+17,1.31757E+17,797.4,1,11
2,-1,1.31757E+17,1.31757E+17,797.2,1,11
2,-1,1.31757E+17,1.31757E+17,817.7,1,11
2,-1,1.31757E+17,1.31757E+17,814.8,1,11
2,-1,1.31757E+17,1.31757E+17,808.8,1,11
2,-1,1.31757E+17,1.31757E+17,789.9,1,11
2,-1,1.31757E+17,1.31757E+17,836.3,1,11
2,-1,1.31757E+17,1.31757E+17,799.2,1,11
2,-1,1.31757E+17,1.31757E+17,810.5,1,11
2,-1,1.31757E+17,1.31757E+17,821.6,1,11
2,-1,1.31757E+17,1.31757E+17,817.4,1,11
2,-1,1.31757E+17,1.31757E+17,800.7,1,11
2,-1,1.31757E+17,1.31757E+17,838.4,1,11
2,-1,1.31757E+17,1.31757E+17,818.5,1,11
2,-1,1.31757E+17,1.31757E+17,864.8,1,11
2,-1,1.31757E+17,1.31757E+17,818.1,1,11
2,-1,1.31757E+17,1.31757E+17,848.3,1,11
2,-1,1.31757E+17,1.31757E+17,873.1,1,11
2,-1,1.31757E+17,1.31757E+17,884.7,1,11
2,-1,1.31757E+17,1.31757E+17,881.8,1,11
2,-1,1.31757E+17,1.31757E+17,877.7,1,11
2,-1,1.31757E+17,1.31757E+17,879.3,1,11
2,-1,1.31757E+17,1.31757E+17,850.2,1,11
2,-1,1.31757E+17,1.31757E+17,835.6,1,11
2,-1,1.31757E+17,1.31757E+17,817.5,1,11
2,-1,1.31757E+17,1.31757E+17,813.2,1,11
2,-1,1.31757E+17,1.31757E+17,806,1,11
2,-1,1.31757E+17,1.31757E+17,836.5,1,11
2,-1,1.31757E+17,1.31757E+17,856.3,1,11
2,-1,1.31757E+17,1.31757E+17,853.4,1,11
2,-1,1.31757E+17,1.31757E+17,829,1,11
2,-1,1.31757E+17,1.31757E+17,869.3,1,11
2,-1,1.31757E+17,1.31757E+17,865.6,1,11
2,-1,1.31757E+17,1.31757E+17,830,1,11
2,-1,1.31757E+17,1.31757E+17,827.5,1,11
2,-1,1.31757E+17,1.31757E+17,812.3,1,11
2,-1,1.31757E+17,1.31757E+17,809.4,1,11
2,-1,1.31757E+17,1.31757E+17,808,1,11
2,-1,1.31757E+17,1.31757E+17,809.6,1,11
2,-1,1.31757E+17,1.31757E+17,810.3,1,11
2,-1,1.31757E+17,1.31757E+17,813.2,1,11
2,-1,1.31757E+17,1.31757E+17,806.8,1,11
2,-1,1.31757E+17,1.31757E+17,813,1,11
2,-1,1.31757E+17,1.31757E+17,791.5,1,11
2,-1,1.31757E+17,1.31757E+17,797.8,1,11
2,-1,1.31757E+17,1.31757E+17,791.8,1,11
2,-1,1.31757E+17,1.31757E+17,777.8,1,11
2,-1,1.31757E+17,1.31757E+17,785,1,11
2,-1,1.31757E+17,1.31757E+17,777.1,1,11
2,-1,1.31757E+17,1.31757E+17,809.9,1,11
2,-1,1.31757E+17,1.31757E+17,839.4,1,11
2,-1,1.31757E+17,1.31757E+17,802.5,1,11
2,-1,1.31757E+17,1.31757E+17,778.3,1,11
2,-1,1.31757E+17,1.31757E+17,778.1,1,11
2,-1,1.31757E+17,1.31757E+17,770.9,1,11
2,-1,1.31757E+17,1.31757E+17,772,1,11
2,-1,1.31757E+17,1.31757E+17,778.6,1,11
2,-1,1.31757E+17,1.31757E+17,772.1,1,11
2,-1,1.31757E+17,1.31757E+17,787.6,1,11
2,-1,1.31757E+17,1.31757E+17,778.1,1,11
2,-1,1.31757E+17,1.31757E+17,892.7,1,11
2,-1,1.31757E+17,1.31757E+17,884.8,1,11
2,-1,1.31757E+17,1.31757E+17,874.1,1,11
2,-1,1.31757E+17,1.31757E+17,879.5,1,11
2,-1,1.31757E+17,1.31757E+17,875.2,1,11
2,-1,1.31757E+17,1.31757E+17,855.1,1,11
2,-1,1.31757E+17,1.31757E+17,786.3,1,11
2,-1,1.31757E+17,1.31757E+17,771.7,1,11
2,-1,1.31757E+17,1.31757E+17,802.1,1,11
2,-1,1.31757E+17,1.31757E+17,815.4,1,11
2,-1,1.31757E+17,1.31757E+17,820.7,1,11
2,-1,1.31757E+17,1.31757E+17,809.7,1,11
2,-1,1.31757E+17,1.31757E+17,822.9,1,11
2,-1,1.31757E+17,1.31757E+17,821.6,1,11
2,-1,1.31757E+17,1.31757E+17,787.1,1,11
2,-1,1.31757E+17,1.31757E+17,762,1,11
2,-1,1.31757E+17,1.31757E+17,839,1,11
2,-1,1.31757E+17,1.31757E+17,808.8,1,11
2,-1,1.31757E+17,1.31757E+17,850.7,1,11
2,-1,1.31757E+17,1.31757E+17,875,1,11
2,-1,1.31757E+17,1.31757E+17,881.6,1,11
2,-1,1.31757E+17,1.31757E+17,874.8,1,11
2,-1,1.31757E+17,1.31757E+17,873.7,1,11
2,-1,1.31757E+17,1.31757E+17,850.2,1,11
2,-1,1.31757E+17,1.31757E+17,875.8,1,11
2,-1,1.31757E+17,1.31757E+17,825.8,1,11
2,-1,1.31757E+17,1.31757E+17,854.8,1,11
2,-1,1.31757E+17,1.31757E+17,865,1,11
2,-1,1.31757E+17,1.31757E+17,859.2,1,11
2,-1,1.31757E+17,1.31757E+17,865,1,11
2,-1,1.31757E+17,1.31757E+17,868.8,1,11
2,-1,1.31757E+17,1.31757E+17,878.3,1,11
2,-1,1.31757E+17,1.31757E+17,878.4,1,11
2,-1,1.31757E+17,1.31757E+17,876.3,1,11
2,-1,1.31757E+17,1.31757E+17,889.4,1,11
2,-1,1.31757E+17,1.31757E+17,884.3,1,11
2,-1,1.31757E+17,1.31757E+17,882.1,1,11
2,-1,1.31757E+17,1.31757E+17,874.9,1,11
2,-1,1.31757E+17,1.31757E+17,878.5,1,11
2,-1,1.31757E+17,1.31757E+17,862.7,1,11
2,-1,1.31757E+17,1.31757E+17,867,1,11
2,-1,1.31757E+17,1.31757E+17,809,1,11
2,-1,1.31757E+17,1.31757E+17,820.4,1,11
2,-1,1.31757E+17,1.31757E+17,816.7,1,11
2,-1,1.31757E+17,1.31757E+17,800.5,1,11
2,-1,1.31757E+17,1.31757E+17,810,1,11
2,-1,1.31757E+17,1.31757E+17,800.5,1,11
2,-1,1.31757E+17,1.31757E+17,802.9,1,11
2,-1,1.31757E+17,1.31757E+17,805.6,1,11
2,-1,1.31757E+17,1.31757E+17,790,1,11
2,-1,1.31757E+17,1.31757E+17,784,1,11
2,-1,1.31757E+17,1.31757E+17,796.9,1,11
2,-1,1.31757E+17,1.31757E+17,787.6,1,11
2,-1,1.31757E+17,1.31757E+17,803.2,1,11
2,-1,1.31757E+17,1.31757E+17,804.8,1,11
2,-1,1.31757E+17,1.31757E+17,799.1,1,11
2,-1,1.31757E+17,1.31757E+17,797.3,1,11
2,-1,1.31757E+17,1.31757E+17,800.2,1,11
2,-1,1.31757E+17,1.31757E+17,823.9,1,11
2,-1,1.31757E+17,1.31757E+17,813.6,1,11
2,-1,1.31757E+17,1.31757E+17,805.5,1,11
2,-1,1.31757E+17,1.31757E+17,806,1,11
2,-1,1.31757E+17,1.31757E+17,879.4,1,11
2,-1,1.31757E+17,1.31757E+17,866.8,1,11
2,-1,1.31757E+17,1.31757E+17,807.2,1,11
2,-1,1.31757E+17,1.31757E+17,810.1,1,11
2,-1,1.31757E+17,1.31757E+17,820.4,1,11
2,-1,1.31757E+17,1.31757E+17,806.1,1,11
2,-1,1.31757E+17,1.31757E+17,814.3,1,11
2,-1,1.31757E+17,1.31757E+17,801.4,1,11
2,-1,1.31757E+17,1.31757E+17,803.1,1,11
2,-1,1.31757E+17,1.31757E+17,798.5,1,11
2,-1,1.31757E+17,1.31757E+17,821.2,1,11
2,-1,1.31757E+17,1.31757E+17,815.3,1,11
2,-1,1.31757E+17,1.31757E+17,883.9,1,11
2,-1,1.31757E+17,1.31757E+17,859.6,1,11
2,-1,1.31757E+17,1.31757E+17,849.3,1,11
2,-1,1.31757E+17,1.31757E+17,825.5,1,11
2,-1,1.31757E+17,1.31757E+17,859.6,1,11
2,-1,1.31757E+17,1.31757E+17,813.9,1,11
2,-1,1.31757E+17,1.31757E+17,811.6,1,11
2,-1,1.31757E+17,1.31757E+17,847.8,1,11
2,-1,1.31757E+17,1.31757E+17,825.9,1,11
2,-1,1.31757E+17,1.31757E+17,835,1,11
2,-1,1.31757E+17,1.31757E+17,835.5,1,11
2,-1,1.31757E+17,1.31757E+17,828.9,1,11
2,-1,1.31757E+17,1.31757E+17,830.3,1,11
2,-1,1.31757E+17,1.31757E+17,811.1,1,11
2,-1,1.31757E+17,1.31757E+17,801.4,1,11
2,-1,1.31757E+17,1.31757E+17,808.7,1,11
2,-1,1.31757E+17,1.31757E+17,820.7,1,11
2,-1,1.31757E+17,1.31757E+17,822.3,1,11
2,-1,1.31757E+17,1.31757E+17,823.8,1,11
2,-1,1.31757E+17,1.31757E+17,871,1,11
2,-1,1.31757E+17,1.31757E+17,869.7,1,11
2,-1,1.31757E+17,1.31757E+17,855.1,1,11
2,-1,1.31757E+17,1.31757E+17,797,1,11
2,-1,1.31757E+17,1.31757E+17,784.4,1,11
2,-1,1.31757E+17,1.31757E+17,803.8,1,11
2,-1,1.31757E+17,1.31757E+17,788.1,1,11
2,-1,1.31757E+17,1.31757E+17,794.5,1,11
2,-1,1.31757E+17,1.31757E+17,801.6,1,11
2,-1,1.31757E+17,1.31757E+17,820.3,1,11
2,-1,1.31757E+17,1.31757E+17,805.3,1,11
2,-1,1.31757E+17,1.31757E+17,810.7,1,11
2,-1,1.31757E+17,1.31757E+17,807,1,11
2,-1,1.31757E+17,1.31757E+17,800.4,1,11
2,-1,1.31757E+17,1.31757E+17,803.7,1,11
2,-1,1.31757E+17,1.31757E+17,801,1,11
2,-1,1.31757E+17,1.31757E+17,807.5,1,11
2,-1,1.31757E+17,1.31757E+17,803.1,1,11
2,-1,1.31757E+17,1.31757E+17,808.2,1,11
2,-1,1.31757E+17,1.31757E+17,820.7,1,11
2,-1,1.31757E+17,1.31757E+17,883.7,1,11
